"","2017-11-15","2017","1510577096","Eleven","A","651","STATISTICS","STATISTICS 1st","0","0","0","0","0","0","0.00","F"
"","2017-11-15","2017","1510577096","Eleven","A","652","STATISTICS","STATISTICS 1st","0","0","0","0","0","0","0.00","F"
"","2017-11-15","2017","1510577096","Eleven","A","653","STATISTICS","STATISTICS 1st","0","0","0","0","0","0","0.00","F"
"","2017-11-15","2017","1510577096","Eleven","A","654","STATISTICS","STATISTICS 1st","0","0","0","0","0","0","0.00","F"
"","2017-11-15","2017","1510577096","Eleven","A","655","STATISTICS","STATISTICS 1st","0","0","0","0","0","0","0.00","F"
"","2017-11-15","2017","1510577096","Eleven","A","656","STATISTICS","STATISTICS 1st","0","0","0","0","0","0","0.00","F"
"","2017-11-15","2017","1510577096","Eleven","A","657","STATISTICS","STATISTICS 1st","0","0","0","0","0","0","0.00","F"
"","2017-11-15","2017","1510577096","Eleven","A","658","STATISTICS","STATISTICS 1st","0","0","0","0","0","0","0.00","F"
"","2017-11-15","2017","1510577096","Eleven","A","659","STATISTICS","STATISTICS 1st","0","0","0","0","0","0","0.00","F"
"","2017-11-15","2017","1510577096","Eleven","A","660","STATISTICS","STATISTICS 1st","0","0","0","0","0","0","0.00","F"
"","2017-11-15","2017","1510577096","Eleven","A","661","STATISTICS","STATISTICS 1st","0","0","0","0","0","0","0.00","F"
"","2017-11-15","2017","1510577096","Eleven","A","662","STATISTICS","STATISTICS 1st","0","0","0","0","0","0","0.00","F"
"","2017-11-15","2017","1510577096","Eleven","A","663","STATISTICS","STATISTICS 1st","0","0","0","0","0","0","0.00","F"
"","2017-11-15","2017","1510577096","Eleven","A","664","STATISTICS","STATISTICS 1st","0","0","0","0","0","0","0.00","F"
"","2017-11-15","2017","1510577096","Eleven","A","665","STATISTICS","STATISTICS 1st","0","0","0","0","0","0","0.00","F"
"","2017-11-15","2017","1510577096","Eleven","A","666","STATISTICS","STATISTICS 1st","0","0","0","0","0","0","0.00","F"
"","2017-11-15","2017","1510577096","Eleven","A","667","STATISTICS","STATISTICS 1st","0","0","0","0","0","0","0.00","F"
"","2017-11-15","2017","1510577096","Eleven","A","668","STATISTICS","STATISTICS 1st","0","0","0","0","0","0","0.00","F"
"","2017-11-15","2017","1510577096","Eleven","A","669","STATISTICS","STATISTICS 1st","0","0","0","0","0","0","0.00","F"
"","2017-11-15","2017","1510577096","Eleven","A","670","STATISTICS","STATISTICS 1st","0","0","0","0","0","0","0.00","F"
"","2017-11-15","2017","1510577096","Eleven","A","671","STATISTICS","STATISTICS 1st","0","0","0","0","0","0","0.00","F"
"","2017-11-15","2017","1510577096","Eleven","A","672","STATISTICS","STATISTICS 1st","0","0","0","0","0","0","0.00","F"
"","2017-11-15","2017","1510577096","Eleven","A","673","STATISTICS","STATISTICS 1st","0","0","0","0","0","0","0.00","F"
"","2017-11-15","2017","1510577096","Eleven","A","674","STATISTICS","STATISTICS 1st","0","0","0","0","0","0","0.00","F"
"","2017-11-15","2017","1510577096","Eleven","A","675","STATISTICS","STATISTICS 1st","0","0","0","0","0","0","0.00","F"
"","2017-11-15","2017","1510577096","Eleven","A","676","STATISTICS","STATISTICS 1st","0","0","0","0","0","0","0.00","F"
"","2017-11-15","2017","1510577096","Eleven","A","677","STATISTICS","STATISTICS 1st","0","0","0","0","0","0","0.00","F"
"","2017-11-15","2017","1510577096","Eleven","A","678","STATISTICS","STATISTICS 1st","0","0","0","0","0","0","0.00","F"
"","2017-11-15","2017","1510577096","Eleven","A","679","STATISTICS","STATISTICS 1st","0","0","0","0","0","0","0.00","F"
"","2017-11-15","2017","1510577096","Eleven","A","680","STATISTICS","STATISTICS 1st","0","0","0","0","0","0","0.00","F"
"","2017-11-15","2017","1510577096","Eleven","A","681","STATISTICS","STATISTICS 1st","0","0","0","0","0","0","0.00","F"
"","2017-11-15","2017","1510577096","Eleven","A","682","STATISTICS","STATISTICS 1st","0","0","0","0","0","0","0.00","F"
"","2017-11-15","2017","1510577096","Eleven","A","683","STATISTICS","STATISTICS 1st","0","0","0","0","0","0","0.00","F"
"","2017-11-15","2017","1510577096","Eleven","A","684","STATISTICS","STATISTICS 1st","0","0","0","0","0","0","0.00","F"
"","2017-11-15","2017","1510577096","Eleven","A","685","STATISTICS","STATISTICS 1st","0","0","0","0","0","0","0.00","F"
"","2017-11-15","2017","1510577096","Eleven","A","686","STATISTICS","STATISTICS 1st","0","0","0","0","0","0","0.00","F"
"","2017-11-15","2017","1510577096","Eleven","A","687","STATISTICS","STATISTICS 1st","0","0","0","0","0","0","0.00","F"
"","2017-11-15","2017","1510577096","Eleven","A","688","STATISTICS","STATISTICS 1st","0","0","0","0","0","0","0.00","F"
"","2017-11-15","2017","1510577096","Eleven","A","689","STATISTICS","STATISTICS 1st","0","37","15","38","25","78","4.00","A"
"","2017-11-15","2017","1510577096","Eleven","A","690","STATISTICS","STATISTICS 1st","0","39","15","38","25","79","4.00","A"
"","2017-11-15","2017","1510577096","Eleven","A","691","STATISTICS","STATISTICS 1st","0","29","15","28","25","67","3.50","A-"
"","2017-11-15","2017","1510577096","Eleven","A","692","STATISTICS","STATISTICS 1st","0","0","0","0","0","0","0.00","F"
"","2017-11-15","2017","1510577096","Eleven","A","693","STATISTICS","STATISTICS 1st","0","0","15","40","25","64","3.50","A-"
"","2017-11-15","2017","1510577096","Eleven","A","694","STATISTICS","STATISTICS 1st","0","0","0","0","0","0","0.00","F"
"","2017-11-15","2017","1510577096","Eleven","A","695","STATISTICS","STATISTICS 1st","0","0","0","0","0","0","0.00","F"
"","2017-11-15","2017","1510577096","Eleven","A","696","STATISTICS","STATISTICS 1st","0","0","0","0","0","0","0.00","F"
"","2017-11-15","2017","1510577096","Eleven","A","697","STATISTICS","STATISTICS 1st","0","0","0","0","0","0","0.00","F"
"","2017-11-15","2017","1510577096","Eleven","A","698","STATISTICS","STATISTICS 1st","0","0","0","0","0","0","0.00","F"
"","2017-11-15","2017","1510577096","Eleven","A","699","STATISTICS","STATISTICS 1st","0","0","0","0","0","0","0.00","F"
"","2017-11-15","2017","1510577096","Eleven","A","700","STATISTICS","STATISTICS 1st","0","0","0","0","0","0","0.00","F"
"","2017-11-15","2017","1510577096","Eleven","A","701","STATISTICS","STATISTICS 1st","0","0","0","0","0","0","0.00","F"
"","2017-11-15","2017","1510577096","Eleven","A","702","STATISTICS","STATISTICS 1st","0","0","0","0","0","0","0.00","F"
"","2017-11-15","2017","1510577096","Eleven","A","703","STATISTICS","STATISTICS 1st","0","0","0","0","0","0","0.00","F"
"","2017-11-15","2017","1510577096","Eleven","A","704","STATISTICS","STATISTICS 1st","0","0","0","0","0","0","0.00","F"
"","2017-11-15","2017","1510577096","Eleven","A","705","STATISTICS","STATISTICS 1st","0","0","0","0","0","0","0.00","F"
"","2017-11-15","2017","1510577096","Eleven","A","706","STATISTICS","STATISTICS 1st","0","24","16","11","25","52","0.00","F"
"","2017-11-15","2017","1510577096","Eleven","A","707","STATISTICS","STATISTICS 1st","0","0","0","0","0","0","0.00","F"
"","2017-11-15","2017","1510577096","Eleven","A","708","STATISTICS","STATISTICS 1st","0","20","15","5","25","44","0.00","F"
"","2017-11-15","2017","1510577096","Eleven","A","709","STATISTICS","STATISTICS 1st","0","0","19","22","25","53","0.00","F"
"","2017-11-15","2017","1510577096","Eleven","A","710","STATISTICS","STATISTICS 1st","0","36","19","30","25","75","4.00","A"
"","2017-11-15","2017","1510577096","Eleven","A","711","STATISTICS","STATISTICS 1st","0","0","0","0","0","0","0.00","F"
"","2017-11-15","2017","1510577096","Eleven","A","712","STATISTICS","STATISTICS 1st","0","0","0","0","0","0","0.00","F"
"","2017-11-15","2017","1510577096","Eleven","A","713","STATISTICS","STATISTICS 1st","0","0","0","0","0","0","0.00","F"
"","2017-11-15","2017","1510577096","Eleven","A","714","STATISTICS","STATISTICS 1st","0","0","0","0","0","0","0.00","F"
"","2017-11-15","2017","1510577096","Eleven","A","715","STATISTICS","STATISTICS 1st","0","0","0","0","0","0","0.00","F"
"","2017-11-15","2017","1510577096","Eleven","A","716","STATISTICS","STATISTICS 1st","0","0","0","0","0","0","0.00","F"
"","2017-11-15","2017","1510577096","Eleven","A","751","STATISTICS","STATISTICS 1st","0","22","15","13","25","52","0.00","F"
"","2017-11-15","2017","1510577096","Eleven","A","752","STATISTICS","STATISTICS 1st","0","27","16","22","25","62","0.00","F"
"","2017-11-15","2017","1510577096","Eleven","A","753","STATISTICS","STATISTICS 1st","0","0","18","27","25","56","3.00","B"
"","2017-11-15","2017","1510577096","Eleven","A","754","STATISTICS","STATISTICS 1st","0","33","19","35","25","78","4.00","A"
"","2017-11-15","2017","1510577096","Eleven","A","755","STATISTICS","STATISTICS 1st","0","45","20","42","25","88","5.00","A+"
"","2017-11-15","2017","1510577096","Eleven","A","756","STATISTICS","STATISTICS 1st","0","0","0","0","0","0","0.00","F"
"","2017-11-15","2017","1510577096","Eleven","A","757","STATISTICS","STATISTICS 1st","0","0","0","0","0","0","0.00","F"
"","2017-11-15","2017","1510577096","Eleven","A","758","STATISTICS","STATISTICS 1st","0","0","0","0","0","0","0.00","F"
"","2017-11-15","2017","1510577096","Eleven","A","759","STATISTICS","STATISTICS 1st","0","0","0","0","0","0","0.00","F"
"","2017-11-15","2017","1510577096","Eleven","A","760","STATISTICS","STATISTICS 1st","0","0","0","0","0","0","0.00","F"
"","2017-11-15","2017","1510577096","Eleven","A","761","STATISTICS","STATISTICS 1st","0","0","0","0","0","0","0.00","F"
"","2017-11-15","2017","1510577096","Eleven","A","762","STATISTICS","STATISTICS 1st","0","0","0","0","0","0","0.00","F"
"","2017-11-15","2017","1510577096","Eleven","A","763","STATISTICS","STATISTICS 1st","0","0","0","0","0","0","0.00","F"
"","2017-11-15","2017","1510577096","Eleven","A","764","STATISTICS","STATISTICS 1st","0","0","0","0","0","0","0.00","F"
"","2017-11-15","2017","1510577096","Eleven","A","765","STATISTICS","STATISTICS 1st","0","0","0","0","0","0","0.00","F"
"","2017-11-15","2017","1510577096","Eleven","A","767","STATISTICS","STATISTICS 1st","0","0","0","0","0","0","0.00","F"
"","2017-11-15","2017","1510577096","Eleven","A","769","STATISTICS","STATISTICS 1st","0","0","0","0","0","0","0.00","F"
"","2017-11-15","2017","1510577096","Eleven","A","770","STATISTICS","STATISTICS 1st","0","0","0","0","0","0","0.00","F"
"","2017-11-15","2017","1510577096","Eleven","A","771","STATISTICS","STATISTICS 1st","0","0","0","0","0","0","0.00","F"
"","2017-11-15","2017","1510577096","Eleven","A","772","STATISTICS","STATISTICS 1st","0","0","0","0","0","0","0.00","F"
"","2017-11-15","2017","1510577096","Eleven","A","773","STATISTICS","STATISTICS 1st","0","0","0","0","0","0","0.00","F"
"","2017-11-15","2017","1510577096","Eleven","A","774","STATISTICS","STATISTICS 1st","0","0","0","0","0","0","0.00","F"
"","2017-11-15","2017","1510577096","Eleven","A","775","STATISTICS","STATISTICS 1st","0","0","0","0","0","0","0.00","F"
"","2017-11-15","2017","1510577096","Eleven","A","776","STATISTICS","STATISTICS 1st","0","0","0","0","0","0","0.00","F"
"","2017-11-15","2017","1510577096","Eleven","A","777","STATISTICS","STATISTICS 1st","0","0","0","0","0","0","0.00","F"
"","2017-11-15","2017","1510577096","Eleven","A","778","STATISTICS","STATISTICS 1st","0","0","0","0","0","0","0.00","F"
"","2017-11-15","2017","1510577096","Eleven","A","779","STATISTICS","STATISTICS 1st","0","0","0","0","0","0","0.00","F"
"","2017-11-15","2017","1510577096","Eleven","A","780","STATISTICS","STATISTICS 1st","0","0","0","0","0","0","0.00","F"
"","2017-11-15","2017","1510577096","Eleven","A","781","STATISTICS","STATISTICS 1st","0","11","12","2","25","37","0.00","F"
"","2017-11-15","2017","1510577096","Eleven","A","782","STATISTICS","STATISTICS 1st","0","0","11","9","25","36","0.00","F"
"","2017-11-15","2017","1510577096","Eleven","A","783","STATISTICS","STATISTICS 1st","0","0","0","0","0","0","0.00","F"
"","2017-11-15","2017","1510577096","Eleven","A","784","STATISTICS","STATISTICS 1st","0","0","0","0","0","0","0.00","F"
"","2017-11-15","2017","1510577096","Eleven","A","785","STATISTICS","STATISTICS 1st","0","0","0","0","0","0","0.00","F"
"","2017-11-15","2017","1510577096","Eleven","A","786","STATISTICS","STATISTICS 1st","0","0","0","0","0","0","0.00","F"
"","2017-11-15","2017","1510577096","Eleven","A","787","STATISTICS","STATISTICS 1st","0","0","10","0","25","28","0.00","F"
"","2017-11-15","2017","1510577096","Eleven","A","788","STATISTICS","STATISTICS 1st","0","0","0","0","0","0","0.00","F"
"","2017-11-15","2017","1510577096","Eleven","A","789","STATISTICS","STATISTICS 1st","0","0","0","0","0","0","0.00","F"
"","2017-11-15","2017","1510577096","Eleven","A","790","STATISTICS","STATISTICS 1st","0","0","0","0","0","0","0.00","F"
"","2017-11-15","2017","1510577096","Eleven","A","791","STATISTICS","STATISTICS 1st","0","0","0","0","0","0","0.00","F"
"","2017-11-15","2017","1510577096","Eleven","A","792","STATISTICS","STATISTICS 1st","0","0","0","0","0","0","0.00","F"
"","2017-11-15","2017","1510577096","Eleven","A","793","STATISTICS","STATISTICS 1st","0","0","0","0","0","0","0.00","F"
"","2017-11-15","2017","1510577096","Eleven","A","794","STATISTICS","STATISTICS 1st","0","0","0","0","0","0","0.00","F"
"","2017-11-15","2017","1510577096","Eleven","A","795","STATISTICS","STATISTICS 1st","0","0","0","0","0","0","0.00","F"
"","2017-11-15","2017","1510577096","Eleven","A","796","STATISTICS","STATISTICS 1st","0","0","0","0","0","0","0.00","F"
"","2017-11-15","2017","1510577096","Eleven","A","797","STATISTICS","STATISTICS 1st","0","0","0","0","0","0","0.00","F"
"","2017-11-15","2017","1510577096","Eleven","A","798","STATISTICS","STATISTICS 1st","0","0","0","0","0","0","0.00","F"
"","2017-11-15","2017","1510577096","Eleven","A","799","STATISTICS","STATISTICS 1st","0","0","0","0","0","0","0.00","F"
"","2017-11-15","2017","1510577096","Eleven","A","800","STATISTICS","STATISTICS 1st","0","0","0","0","0","0","0.00","F"
"","2017-11-15","2017","1510577096","Eleven","A","801","STATISTICS","STATISTICS 1st","0","0","0","0","0","0","0.00","F"
"","2017-11-15","2017","1510577096","Eleven","A","802","STATISTICS","STATISTICS 1st","0","0","0","0","0","0","0.00","F"
"","2017-11-15","2017","1510577096","Eleven","A","803","STATISTICS","STATISTICS 1st","0","0","0","0","0","0","0.00","F"
"","2017-11-15","2017","1510577096","Eleven","A","804","STATISTICS","STATISTICS 1st","0","0","0","0","0","0","0.00","F"
"","2017-11-15","2017","1510577096","Eleven","A","805","STATISTICS","STATISTICS 1st","0","0","0","0","0","0","0.00","F"
"","2017-11-15","2017","1510577096","Eleven","A","806","STATISTICS","STATISTICS 1st","0","17","11","10","25","44","0.00","F"
"","2017-11-15","2017","1510577096","Eleven","A","807","STATISTICS","STATISTICS 1st","0","22","11","12","25","48","0.00","F"
"","2017-11-15","2017","1510577096","Eleven","A","808","STATISTICS","STATISTICS 1st","0","23","11","19","25","54","0.00","F"
"","2017-11-15","2017","1510577096","Eleven","A","809","STATISTICS","STATISTICS 1st","0","24","0","0","0","10","0.00","F"
"","2017-11-15","2017","1510577096","Eleven","A","810","STATISTICS","STATISTICS 1st","0","28","13","13","25","53","0.00","F"
"","2017-11-15","2017","1510577096","Eleven","A","811","STATISTICS","STATISTICS 1st","0","0","0","0","0","0","0.00","F"
"","2017-11-15","2017","1510577096","Eleven","A","812","STATISTICS","STATISTICS 1st","0","0","0","0","0","0","0.00","F"
"","2017-11-15","2017","1510577096","Eleven","A","813","STATISTICS","STATISTICS 1st","0","0","0","0","0","0","0.00","F"
"","2017-11-15","2017","1510577096","Eleven","A","814","STATISTICS","STATISTICS 1st","0","0","0","0","0","0","0.00","F"
"","2017-11-15","2017","1510577096","Eleven","A","815","STATISTICS","STATISTICS 1st","0","0","0","0","0","0","0.00","F"
"","2017-11-15","2017","1510577096","Eleven","A","816","STATISTICS","STATISTICS 1st","0","0","0","0","0","0","0.00","F"
"","2017-11-15","2017","1510577096","Eleven","A","817","STATISTICS","STATISTICS 1st","0","0","0","0","0","0","0.00","F"
"","2017-11-15","2017","1510577096","Eleven","A","818","STATISTICS","STATISTICS 1st","0","26","12","17","25","55","0.00","F"
"","2017-11-15","2017","1510577096","Eleven","A","819","STATISTICS","STATISTICS 1st","0","0","0","0","0","0","0.00","F"
"","2017-11-15","2017","1510577096","Eleven","A","820","STATISTICS","STATISTICS 1st","0","0","0","0","0","0","0.00","F"
"","2017-11-15","2017","1510577096","Eleven","A","821","STATISTICS","STATISTICS 1st","0","0","0","0","0","0","0.00","F"
"","2017-11-15","2017","1510577096","Eleven","A","822","STATISTICS","STATISTICS 1st","0","0","0","0","0","0","0.00","F"
"","2017-11-15","2017","1510577096","Eleven","A","823","STATISTICS","STATISTICS 1st","0","0","0","0","0","0","0.00","F"
"","2017-11-15","2017","1510577096","Eleven","A","824","STATISTICS","STATISTICS 1st","0","0","0","0","0","0","0.00","F"
"","2017-11-15","2017","1510577096","Eleven","A","825","STATISTICS","STATISTICS 1st","0","0","0","0","0","0","0.00","F"
"","2017-11-15","2017","1510577096","Eleven","A","826","STATISTICS","STATISTICS 1st","0","26","10","5","25","43","0.00","F"
"","2017-11-15","2017","1510577096","Eleven","A","827","STATISTICS","STATISTICS 1st","0","0","0","0","0","0","0.00","F"
"","2017-11-15","2017","1510577096","Eleven","A","828","STATISTICS","STATISTICS 1st","0","0","0","0","0","0","0.00","F"
"","2017-11-15","2017","1510577096","Eleven","A","829","STATISTICS","STATISTICS 1st","0","0","0","0","0","0","0.00","F"
"","2017-11-15","2017","1510577096","Eleven","A","830","STATISTICS","STATISTICS 1st","0","0","4","2","25","25","0.00","F"
"","2017-11-15","2017","1510577096","Eleven","A","831","STATISTICS","STATISTICS 1st","0","0","0","0","0","0","0.00","F"
"","2017-11-15","2017","1510577096","Eleven","A","832","STATISTICS","STATISTICS 1st","0","0","9","3","25","30","0.00","F"
"","2017-11-15","2017","1510577096","Eleven","A","833","STATISTICS","STATISTICS 1st","0","4","0","0","0","2","0.00","F"
"","2017-11-15","2017","1510577096","Eleven","A","834","STATISTICS","STATISTICS 1st","0","0","0","0","0","0","0.00","F"
"","2017-11-15","2017","1510577096","Eleven","A","835","STATISTICS","STATISTICS 1st","0","0","0","0","0","0","0.00","F"
"","2017-11-15","2017","1510577096","Eleven","A","836","STATISTICS","STATISTICS 1st","0","0","0","0","0","0","0.00","F"
"","2017-11-15","2017","1510577096","Eleven","A","837","STATISTICS","STATISTICS 1st","0","0","0","0","0","0","0.00","F"
"","2017-11-15","2017","1510577096","Eleven","A","838","STATISTICS","STATISTICS 1st","0","0","8","10","25","35","0.00","F"
"","2017-11-15","2017","1510577096","Eleven","A","839","STATISTICS","STATISTICS 1st","0","0","0","0","0","0","0.00","F"
"","2017-11-15","2017","1510577096","Eleven","A","840","STATISTICS","STATISTICS 1st","0","0","0","0","0","0","0.00","F"
"","2017-11-15","2017","1510577096","Eleven","A","841","STATISTICS","STATISTICS 1st","0","0","0","0","0","0","0.00","F"
"","2017-11-15","2017","1510577096","Eleven","A","842","STATISTICS","STATISTICS 1st","0","0","0","0","0","0","0.00","F"
"","2017-11-15","2017","1510577096","Eleven","A","843","STATISTICS","STATISTICS 1st","0","0","0","0","0","0","0.00","F"
"","2017-11-15","2017","1510577096","Eleven","A","844","STATISTICS","STATISTICS 1st","0","0","0","0","0","0","0.00","F"
"","2017-11-15","2017","1510577096","Eleven","A","845","STATISTICS","STATISTICS 1st","0","0","0","0","0","0","0.00","F"
"","2017-11-15","2017","1510577096","Eleven","A","846","STATISTICS","STATISTICS 1st","0","0","0","0","0","0","0.00","F"
"","2017-11-15","2017","1510577096","Eleven","A","847","STATISTICS","STATISTICS 1st","0","0","10","3","25","31","0.00","F"
"","2017-11-15","2017","1510577096","Eleven","A","848","STATISTICS","STATISTICS 1st","0","0","11","7","25","35","0.00","F"
"","2017-11-15","2017","1510577096","Eleven","A","849","STATISTICS","STATISTICS 1st","0","0","0","0","0","0","0.00","F"
"","2017-11-15","2017","1510577096","Eleven","A","850","STATISTICS","STATISTICS 1st","0","0","0","0","0","0","0.00","F"
"","2017-11-15","2017","1510577096","Eleven","A","851","STATISTICS","STATISTICS 1st","0","0","0","0","0","0","0.00","F"
"","2017-11-15","2017","1510577096","Eleven","A","852","STATISTICS","STATISTICS 1st","0","0","0","0","0","0","0.00","F"
"","2017-11-15","2017","1510577096","Eleven","A","853","STATISTICS","STATISTICS 1st","0","0","0","0","0","0","0.00","F"
"","2017-11-15","2017","1510577096","Eleven","A","854","STATISTICS","STATISTICS 1st","0","0","0","0","0","0","0.00","F"
"","2017-11-15","2017","1510577096","Eleven","A","855","STATISTICS","STATISTICS 1st","0","0","0","0","0","0","0.00","F"
"","2017-11-15","2017","1510577096","Eleven","A","856","STATISTICS","STATISTICS 1st","0","0","0","0","0","0","0.00","F"
"","2017-11-15","2017","1510577096","Eleven","A","858","STATISTICS","STATISTICS 1st","0","0","0","0","0","0","0.00","F"
"","2017-11-15","2017","1510577096","Eleven","A","859","STATISTICS","STATISTICS 1st","0","0","0","0","0","0","0.00","F"
"","2017-11-15","2017","1510577096","Eleven","A","860","STATISTICS","STATISTICS 1st","0","0","0","0","0","0","0.00","F"
"","2017-11-15","2017","1510577096","Eleven","A","861","STATISTICS","STATISTICS 1st","0","0","0","0","0","0","0.00","F"
"","2017-11-15","2017","1510577096","Eleven","A","862","STATISTICS","STATISTICS 1st","0","0","0","0","0","0","0.00","F"
"","2017-11-15","2017","1510577096","Eleven","A","863","STATISTICS","STATISTICS 1st","0","0","0","0","0","0","0.00","F"
"","2017-11-15","2017","1510577096","Eleven","A","864","STATISTICS","STATISTICS 1st","0","0","0","0","0","0","0.00","F"
"","2017-11-15","2017","1510577096","Eleven","A","865","STATISTICS","STATISTICS 1st","0","0","0","0","0","0","0.00","F"
"","2017-11-15","2017","1510577096","Eleven","A","866","STATISTICS","STATISTICS 1st","0","0","0","0","0","0","0.00","F"
"","2017-11-15","2017","1510577096","Eleven","A","867","STATISTICS","STATISTICS 1st","0","0","0","0","0","0","0.00","F"
"","2017-11-15","2017","1510577096","Eleven","A","868","STATISTICS","STATISTICS 1st","0","0","0","0","0","0","0.00","F"
"","2017-11-15","2017","1510577096","Eleven","A","869","STATISTICS","STATISTICS 1st","0","0","0","0","0","0","0.00","F"
"","2017-11-15","2017","1510577096","Eleven","A","870","STATISTICS","STATISTICS 1st","0","0","0","0","0","0","0.00","F"
"","2017-11-15","2017","1510577096","Eleven","A","871","STATISTICS","STATISTICS 1st","0","0","0","0","0","0","0.00","F"
"","2017-11-15","2017","1510577096","Eleven","A","872","STATISTICS","STATISTICS 1st","0","0","0","0","0","0","0.00","F"
"","2017-11-15","2017","1510577096","Eleven","A","873","STATISTICS","STATISTICS 1st","0","0","0","0","0","0","0.00","F"
"","2017-11-15","2017","1510577096","Eleven","A","874","STATISTICS","STATISTICS 1st","0","0","0","0","0","0","0.00","F"
"","2017-11-15","2017","1510577096","Eleven","A","875","STATISTICS","STATISTICS 1st","0","0","0","0","0","0","0.00","F"
"","2017-11-15","2017","1510577096","Eleven","A","876","STATISTICS","STATISTICS 1st","0","0","0","0","0","0","0.00","F"
"","2017-11-15","2017","1510577096","Eleven","A","877","STATISTICS","STATISTICS 1st","0","0","0","0","0","0","0.00","F"
"","2017-11-15","2017","1510577096","Eleven","A","878","STATISTICS","STATISTICS 1st","0","0","0","0","0","0","0.00","F"
"","2017-11-15","2017","1510577096","Eleven","A","879","STATISTICS","STATISTICS 1st","0","0","0","0","0","0","0.00","F"
"","2017-11-15","2017","1510577096","Eleven","A","880","STATISTICS","STATISTICS 1st","0","0","0","0","0","0","0.00","F"
"","2017-11-15","2017","1510577096","Eleven","A","881","STATISTICS","STATISTICS 1st","0","0","0","0","0","0","0.00","F"
"","2017-11-15","2017","1510577096","Eleven","A","882","STATISTICS","STATISTICS 1st","0","0","0","0","0","0","0.00","F"
"","2017-11-15","2017","1510577096","Eleven","A","883","STATISTICS","STATISTICS 1st","0","0","0","0","0","0","0.00","F"
"","2017-11-15","2017","1510577096","Eleven","A","884","STATISTICS","STATISTICS 1st","0","0","0","0","0","0","0.00","F"
"","2017-11-15","2017","1510577096","Eleven","A","885","STATISTICS","STATISTICS 1st","0","0","0","0","0","0","0.00","F"
"","2017-11-15","2017","1510577096","Eleven","A","886","STATISTICS","STATISTICS 1st","0","0","0","0","0","0","0.00","F"
"","2017-11-15","2017","1510577096","Eleven","A","887","STATISTICS","STATISTICS 1st","0","0","0","0","0","0","0.00","F"
"","2017-11-15","2017","1510577096","Eleven","A","888","STATISTICS","STATISTICS 1st","0","0","0","0","0","0","0.00","F"
"","2017-11-15","2017","1510577096","Eleven","A","889","STATISTICS","STATISTICS 1st","0","0","0","0","0","0","0.00","F"
"","2017-11-15","2017","1510577096","Eleven","A","890","STATISTICS","STATISTICS 1st","0","0","0","0","0","0","0.00","F"
"","2017-11-15","2017","1510577096","Eleven","A","891","STATISTICS","STATISTICS 1st","0","0","0","0","0","0","0.00","F"
"","2017-11-15","2017","1510577096","Eleven","A","892","STATISTICS","STATISTICS 1st","0","0","0","0","0","0","0.00","F"
"","2017-11-15","2017","1510577096","Eleven","A","893","STATISTICS","STATISTICS 1st","0","0","0","0","0","0","0.00","F"
"","2017-11-15","2017","1510577096","Eleven","A","894","STATISTICS","STATISTICS 1st","0","0","0","0","0","0","0.00","F"
"","2017-11-15","2017","1510577096","Eleven","A","895","STATISTICS","STATISTICS 1st","0","0","0","0","0","0","0.00","F"
"","2017-11-15","2017","1510577096","Eleven","A","896","STATISTICS","STATISTICS 1st","0","0","0","0","0","0","0.00","F"
"","2017-11-15","2017","1510577096","Eleven","A","897","STATISTICS","STATISTICS 1st","0","0","0","0","0","0","0.00","F"
"","2017-11-15","2017","1510577096","Eleven","A","898","STATISTICS","STATISTICS 1st","0","0","0","0","0","0","0.00","F"
"","2017-11-15","2017","1510577096","Eleven","A","899","STATISTICS","STATISTICS 1st","0","0","0","0","0","0","0.00","F"
"","2017-11-15","2017","1510577096","Eleven","A","900","STATISTICS","STATISTICS 1st","0","0","0","0","0","0","0.00","F"
"","2017-11-15","2017","1510577096","Eleven","A","901","STATISTICS","STATISTICS 1st","0","0","0","0","0","0","0.00","F"
"","2017-11-15","2017","1510577096","Eleven","A","902","STATISTICS","STATISTICS 1st","0","0","0","0","0","0","0.00","F"
"","2017-11-15","2017","1510577096","Eleven","A","903","STATISTICS","STATISTICS 1st","0","0","0","0","0","0","0.00","F"
"","2017-11-15","2017","1510577096","Eleven","A","904","STATISTICS","STATISTICS 1st","0","0","0","0","0","0","0.00","F"
"","2017-11-15","2017","1510577096","Eleven","A","905","STATISTICS","STATISTICS 1st","0","0","0","0","0","0","0.00","F"
"","2017-11-15","2017","1510577096","Eleven","A","906","STATISTICS","STATISTICS 1st","0","0","0","0","0","0","0.00","F"
"","2017-11-15","2017","1510577096","Eleven","A","907","STATISTICS","STATISTICS 1st","0","0","0","0","0","0","0.00","F"
"","2017-11-15","2017","1510577096","Eleven","A","908","STATISTICS","STATISTICS 1st","0","0","0","0","0","0","0.00","F"
"","2017-11-15","2017","1510577096","Eleven","A","909","STATISTICS","STATISTICS 1st","0","0","0","0","0","0","0.00","F"
"","2017-11-15","2017","1510577096","Eleven","A","910","STATISTICS","STATISTICS 1st","0","0","0","0","0","0","0.00","F"
"","2017-11-15","2017","1510577096","Eleven","A","911","STATISTICS","STATISTICS 1st","0","0","0","0","0","0","0.00","F"
"","2017-11-15","2017","1510577096","Eleven","A","912","STATISTICS","STATISTICS 1st","0","0","0","0","0","0","0.00","F"
"","2017-11-15","2017","1510577096","Eleven","A","913","STATISTICS","STATISTICS 1st","0","0","0","0","0","0","0.00","F"
"","2017-11-15","2017","1510577096","Eleven","A","915","STATISTICS","STATISTICS 1st","0","0","0","0","0","0","0.00","F"
"","2017-11-15","2017","1510577096","Eleven","A","916","STATISTICS","STATISTICS 1st","0","0","0","0","0","0","0.00","F"
"","2017-11-15","2017","1510577096","Eleven","A","917","STATISTICS","STATISTICS 1st","0","0","0","0","0","0","0.00","F"
"","2017-11-15","2017","1510577096","Eleven","A","918","STATISTICS","STATISTICS 1st","0","0","0","0","0","0","0.00","F"
"","2017-11-15","2017","1510577096","Eleven","A","919","STATISTICS","STATISTICS 1st","0","0","0","0","0","0","0.00","F"
"","2017-11-15","2017","1510577096","Eleven","A","920","STATISTICS","STATISTICS 1st","0","0","0","0","0","0","0.00","F"
"","2017-11-15","2017","1510577096","Eleven","A","921","STATISTICS","STATISTICS 1st","0","0","0","0","0","0","0.00","F"
"","2017-11-15","2017","1510577096","Eleven","A","922","STATISTICS","STATISTICS 1st","0","0","0","0","0","0","0.00","F"
"","2017-11-15","2017","1510577096","Eleven","A","923","STATISTICS","STATISTICS 1st","0","0","0","0","0","0","0.00","F"
"","2017-11-15","2017","1510577096","Eleven","A","924","STATISTICS","STATISTICS 1st","0","0","0","0","0","0","0.00","F"
"","2017-11-15","2017","1510577096","Eleven","A","925","STATISTICS","STATISTICS 1st","0","0","0","0","0","0","0.00","F"
"","2017-11-15","2017","1510577096","Eleven","A","926","STATISTICS","STATISTICS 1st","0","0","0","0","0","0","0.00","F"
"","2017-11-15","2017","1510577096","Eleven","A","927","STATISTICS","STATISTICS 1st","0","0","0","0","0","0","0.00","F"
"","2017-11-15","2017","1510577096","Eleven","A","928","STATISTICS","STATISTICS 1st","0","0","0","0","0","0","0.00","F"
"","2017-11-15","2017","1510577096","Eleven","A","929","STATISTICS","STATISTICS 1st","0","0","0","0","0","0","0.00","F"
"","2017-11-15","2017","1510577096","Eleven","A","930","STATISTICS","STATISTICS 1st","0","0","0","0","0","0","0.00","F"
"","2017-11-15","2017","1510577096","Eleven","A","931","STATISTICS","STATISTICS 1st","0","0","0","0","0","0","0.00","F"
"","2017-11-15","2017","1510577096","Eleven","A","932","STATISTICS","STATISTICS 1st","0","0","0","0","0","0","0.00","F"
"","2017-11-15","2017","1510577096","Eleven","A","933","STATISTICS","STATISTICS 1st","0","0","0","0","0","0","0.00","F"
"","2017-11-15","2017","1510577096","Eleven","A","934","STATISTICS","STATISTICS 1st","0","0","0","0","0","0","0.00","F"
"","2017-11-15","2017","1510577096","Eleven","A","935","STATISTICS","STATISTICS 1st","0","0","0","0","0","0","0.00","F"
"","2017-11-15","2017","1510577096","Eleven","A","936","STATISTICS","STATISTICS 1st","0","0","0","0","0","0","0.00","F"
"","2017-11-15","2017","1510577096","Eleven","A","937","STATISTICS","STATISTICS 1st","0","0","0","0","0","0","0.00","F"
"","2017-11-15","2017","1510577096","Eleven","A","938","STATISTICS","STATISTICS 1st","0","0","0","0","0","0","0.00","F"
"","2017-11-15","2017","1510577096","Eleven","A","939","STATISTICS","STATISTICS 1st","0","0","0","0","0","0","0.00","F"
"","2017-11-15","2017","1510577096","Eleven","A","940","STATISTICS","STATISTICS 1st","0","0","0","0","0","0","0.00","F"
"","2017-11-15","2017","1510577096","Eleven","A","941","STATISTICS","STATISTICS 1st","0","0","0","0","0","0","0.00","F"
"","2017-11-15","2017","1510577096","Eleven","A","942","STATISTICS","STATISTICS 1st","0","0","0","0","0","0","0.00","F"
"","2017-11-15","2017","1510577096","Eleven","A","943","STATISTICS","STATISTICS 1st","0","0","0","0","0","0","0.00","F"
"","2017-11-15","2017","1510577096","Eleven","A","944","STATISTICS","STATISTICS 1st","0","0","0","0","0","0","0.00","F"
"","2017-11-15","2017","1510577096","Eleven","A","945","STATISTICS","STATISTICS 1st","0","0","0","0","0","0","0.00","F"
"","2017-11-15","2017","1510577096","Eleven","A","1001","STATISTICS","STATISTICS 1st","0","41","10","18","25","60","0.00","F"
"","2017-11-15","2017","1510577096","Eleven","A","1002","STATISTICS","STATISTICS 1st","0","0","0","0","0","0","0.00","F"
"","2017-11-15","2017","1510577096","Eleven","A","1003","STATISTICS","STATISTICS 1st","0","17","10","18","25","50","0.00","F"
"","2017-11-15","2017","1510577096","Eleven","A","1004","STATISTICS","STATISTICS 1st","0","0","0","0","0","0","0.00","F"
"","2017-11-15","2017","1510577096","Eleven","A","1005","STATISTICS","STATISTICS 1st","0","0","0","0","0","0","0.00","F"
"","2017-11-15","2017","1510577096","Eleven","A","1006","STATISTICS","STATISTICS 1st","0","21","15","25","25","61","3.50","A-"
"","2017-11-15","2017","1510577096","Eleven","A","1007","STATISTICS","STATISTICS 1st","0","0","0","0","0","0","0.00","F"
"","2017-11-15","2017","1510577096","Eleven","A","1008","STATISTICS","STATISTICS 1st","0","0","0","0","0","0","0.00","F"
"","2017-11-15","2017","1510577096","Eleven","A","1009","STATISTICS","STATISTICS 1st","0","25","13","18","25","55","0.00","F"
"","2017-11-15","2017","1510577096","Eleven","A","1051","STATISTICS","STATISTICS 1st","0","0","0","0","0","0","0.00","F"
"","2017-11-15","2017","1510577096","Eleven","A","1052","STATISTICS","STATISTICS 1st","0","0","0","0","0","0","0.00","F"
"","2017-11-15","2017","1510577096","Eleven","A","1053","STATISTICS","STATISTICS 1st","0","0","0","0","0","0","0.00","F"
"","2017-11-15","2017","1510577096","Eleven","A","1054","STATISTICS","STATISTICS 1st","0","19","13","8","25","45","0.00","F"
"","2017-11-15","2017","1510577096","Eleven","A","1055","STATISTICS","STATISTICS 1st","0","28","13","18","25","57","0.00","F"
"","2017-11-15","2017","1510577096","Eleven","A","1056","STATISTICS","STATISTICS 1st","0","0","0","0","0","0","0.00","F"
"","2017-11-15","2017","1510577096","Eleven","A","1057","STATISTICS","STATISTICS 1st","0","0","0","0","0","0","0.00","F"
"","2017-11-15","2017","1510577096","Eleven","A","1058","STATISTICS","STATISTICS 1st","0","27","9","19","25","54","0.00","F"
"","2017-11-15","2017","1510577096","Eleven","A","1059","STATISTICS","STATISTICS 1st","0","0","0","0","0","0","0.00","F"
"","2017-11-15","2017","1510577096","Eleven","A","1060","STATISTICS","STATISTICS 1st","0","28","21","35","25","77","4.00","A"
"","2017-11-15","2017","1510577096","Eleven","A","1061","STATISTICS","STATISTICS 1st","0","0","0","0","0","0","0.00","F"
"","2017-11-15","2017","1510577096","Eleven","A","1062","STATISTICS","STATISTICS 1st","0","0","0","0","0","0","0.00","F"
"","2017-11-15","2017","1510577096","Eleven","A","1063","STATISTICS","STATISTICS 1st","0","0","0","0","0","0","0.00","F"
"","2017-11-15","2017","1510577096","Eleven","A","1064","STATISTICS","STATISTICS 1st","0","0","0","0","0","0","0.00","F"
"","2017-11-15","2017","1510577096","Eleven","A","1065","STATISTICS","STATISTICS 1st","0","0","0","0","0","0","0.00","F"
"","2017-11-15","2017","1510577096","Eleven","A","1066","STATISTICS","STATISTICS 1st","0","33","12","19","25","59","0.00","F"
"","2017-11-15","2017","1510577096","Eleven","A","1067","STATISTICS","STATISTICS 1st","0","0","0","0","0","0","0.00","F"
"","2017-11-15","2017","1510577096","Eleven","A","1068","STATISTICS","STATISTICS 1st","0","0","0","0","0","0","0.00","F"
"","2017-11-15","2017","1510577096","Eleven","A","1069","STATISTICS","STATISTICS 1st","0","0","0","0","0","0","0.00","F"
"","2017-11-15","2017","1510577096","Eleven","A","1070","STATISTICS","STATISTICS 1st","0","0","0","0","0","0","0.00","F"
"","2017-11-15","2017","1510577096","Eleven","A","1071","STATISTICS","STATISTICS 1st","0","0","0","0","0","0","0.00","F"
"","2017-11-15","2017","1510577096","Eleven","A","1072","STATISTICS","STATISTICS 1st","0","0","0","0","0","0","0.00","F"
"","2017-11-15","2017","1510577096","Eleven","A","1073","STATISTICS","STATISTICS 1st","0","0","0","0","0","0","0.00","F"
"","2017-11-15","2017","1510577096","Eleven","A","1074","STATISTICS","STATISTICS 1st","0","0","0","0","0","0","0.00","F"
"","2017-11-15","2017","1510577096","Eleven","A","1075","STATISTICS","STATISTICS 1st","0","0","0","0","0","0","0.00","F"
"","2017-11-15","2017","1510577096","Eleven","A","1076","STATISTICS","STATISTICS 1st","0","0","0","0","0","0","0.00","F"
"","2017-11-15","2017","1510577096","Eleven","A","1077","STATISTICS","STATISTICS 1st","0","0","0","0","0","0","0.00","F"
"","2017-11-15","2017","1510577096","Eleven","A","1078","STATISTICS","STATISTICS 1st","0","0","0","0","0","0","0.00","F"
"","2017-11-15","2017","1510577096","Eleven","A","1079","STATISTICS","STATISTICS 1st","0","0","0","0","0","0","0.00","F"
"","2017-11-15","2017","1510577096","Eleven","A","1080","STATISTICS","STATISTICS 1st","0","0","0","0","0","0","0.00","F"
"","2017-11-15","2017","1510577096","Eleven","A","1081","STATISTICS","STATISTICS 1st","0","22","12","5","25","43","0.00","F"
"","2017-11-15","2017","1510577096","Eleven","A","1082","STATISTICS","STATISTICS 1st","0","0","0","0","0","0","0.00","F"
"","2017-11-15","2017","1510577096","Eleven","A","1083","STATISTICS","STATISTICS 1st","0","0","0","0","0","0","0.00","F"
"","2017-11-15","2017","1510577096","Eleven","A","1084","STATISTICS","STATISTICS 1st","0","0","0","0","0","0","0.00","F"
"","2017-11-15","2017","1510577096","Eleven","A","1085","STATISTICS","STATISTICS 1st","0","0","0","0","0","0","0.00","F"
"","2017-11-15","2017","1510577096","Eleven","A","1086","STATISTICS","STATISTICS 1st","0","0","0","0","0","0","0.00","F"
"","2017-11-15","2017","1510577096","Eleven","A","1087","STATISTICS","STATISTICS 1st","0","0","0","0","0","0","0.00","F"
"","2017-11-15","2017","1510577096","Eleven","A","1088","STATISTICS","STATISTICS 1st","0","0","0","0","0","0","0.00","F"