"","2017-11-15","2017","1510577096","Eleven","A","651","BANGLA","BANGLA 1st","0","21","12","27","0","41","2.00","C"
"","2017-11-15","2017","1510577096","Eleven","A","652","BANGLA","BANGLA 1st","0","17","14","28","0","41","2.00","C"
"","2017-11-15","2017","1510577096","Eleven","A","653","BANGLA","BANGLA 1st","0","22","12","29","0","42","2.00","C"
"","2017-11-15","2017","1510577096","Eleven","A","654","BANGLA","BANGLA 1st","0","12","10","31","0","38","1.00","D"
"","2017-11-15","2017","1510577096","Eleven","A","655","BANGLA","BANGLA 1st","0","17","8","19","0","29","0.00","F"
"","2017-11-15","2017","1510577096","Eleven","A","656","BANGLA","BANGLA 1st","0","12","9","23","0","31","0.00","F"
"","2017-11-15","2017","1510577096","Eleven","A","657","BANGLA","BANGLA 1st","0","13","7","26","0","33","1.00","F"
"","2017-11-15","2017","1510577096","Eleven","A","658","BANGLA","BANGLA 1st","0","12","9","23","0","31","0.00","F"
"","2017-11-15","2017","1510577096","Eleven","A","659","BANGLA","BANGLA 1st","0","5","8","20","0","25","0.00","F"
"","2017-11-15","2017","1510577096","Eleven","A","660","BANGLA","BANGLA 1st","0","12","10","26","0","34","1.00","D"
"","2017-11-15","2017","1510577096","Eleven","A","661","BANGLA","BANGLA 1st","0","22","10","26","0","38","1.00","D"
"","2017-11-15","2017","1510577096","Eleven","A","662","BANGLA","BANGLA 1st","0","14","7","29","0","35","1.00","F"
"","2017-11-15","2017","1510577096","Eleven","A","663","BANGLA","BANGLA 1st","0","12","7","26","0","32","0.00","F"
"","2017-11-15","2017","1510577096","Eleven","A","664","BANGLA","BANGLA 1st","0","17","11","26","0","37","1.00","D"
"","2017-11-15","2017","1510577096","Eleven","A","665","BANGLA","BANGLA 1st","0","12","12","17","0","29","0.00","F"
"","2017-11-15","2017","1510577096","Eleven","A","666","BANGLA","BANGLA 1st","0","17","14","23","0","37","1.00","D"
"","2017-11-15","2017","1510577096","Eleven","A","667","BANGLA","BANGLA 1st","0","12","5","25","0","29","0.00","F"
"","2017-11-15","2017","1510577096","Eleven","A","668","BANGLA","BANGLA 1st","0","13","11","25","0","35","1.00","D"
"","2017-11-15","2017","1510577096","Eleven","A","669","BANGLA","BANGLA 1st","0","17","15","24","0","39","1.00","D"
"","2017-11-15","2017","1510577096","Eleven","A","670","BANGLA","BANGLA 1st","0","10","8","28","0","33","1.00","F"
"","2017-11-15","2017","1510577096","Eleven","A","671","BANGLA","BANGLA 1st","0","12","8","25","0","32","0.00","F"
"","2017-11-15","2017","1510577096","Eleven","A","672","BANGLA","BANGLA 1st","0","17","13","27","0","39","1.00","D"
"","2017-11-15","2017","1510577096","Eleven","A","673","BANGLA","BANGLA 1st","0","11","10","17","0","27","0.00","F"
"","2017-11-15","2017","1510577096","Eleven","A","674","BANGLA","BANGLA 1st","0","13","9","23","0","32","0.00","F"
"","2017-11-15","2017","1510577096","Eleven","A","675","BANGLA","BANGLA 1st","0","13","15","29","0","42","2.00","C"
"","2017-11-15","2017","1510577096","Eleven","A","676","BANGLA","BANGLA 1st","0","13","9","27","0","35","1.00","F"
"","2017-11-15","2017","1510577096","Eleven","A","677","BANGLA","BANGLA 1st","0","10","13","27","0","36","1.00","D"
"","2017-11-15","2017","1510577096","Eleven","A","678","BANGLA","BANGLA 1st","0","14","13","32","0","42","2.00","C"
"","2017-11-15","2017","1510577096","Eleven","A","679","BANGLA","BANGLA 1st","0","9","14","33","0","42","2.00","C"
"","2017-11-15","2017","1510577096","Eleven","A","680","BANGLA","BANGLA 1st","0","18","12","28","0","40","2.00","C"
"","2017-11-15","2017","1510577096","Eleven","A","681","BANGLA","BANGLA 1st","0","0","10","25","0","28","0.00","F"
"","2017-11-15","2017","1510577096","Eleven","A","682","BANGLA","BANGLA 1st","0","15","15","29","0","42","2.00","C"
"","2017-11-15","2017","1510577096","Eleven","A","683","BANGLA","BANGLA 1st","0","23","13","34","0","48","2.00","C"
"","2017-11-15","2017","1510577096","Eleven","A","684","BANGLA","BANGLA 1st","0","21","9","24","0","36","1.00","F"
"","2017-11-15","2017","1510577096","Eleven","A","685","BANGLA","BANGLA 1st","0","0","6","23","0","24","0.00","F"
"","2017-11-15","2017","1510577096","Eleven","A","686","BANGLA","BANGLA 1st","0","14","9","29","0","37","1.00","F"
"","2017-11-15","2017","1510577096","Eleven","A","687","BANGLA","BANGLA 1st","0","12","12","35","0","43","2.00","C"
"","2017-11-15","2017","1510577096","Eleven","A","688","BANGLA","BANGLA 1st","0","14","10","23","0","33","1.00","D"
"","2017-11-15","2017","1510577096","Eleven","A","689","BANGLA","BANGLA 1st","0","19","9","25","0","36","1.00","F"
"","2017-11-15","2017","1510577096","Eleven","A","690","BANGLA","BANGLA 1st","0","0","10","23","0","27","0.00","F"
"","2017-11-15","2017","1510577096","Eleven","A","691","BANGLA","BANGLA 1st","0","13","8","29","0","36","1.00","F"
"","2017-11-15","2017","1510577096","Eleven","A","692","BANGLA","BANGLA 1st","0","11","10","23","0","32","0.00","F"
"","2017-11-15","2017","1510577096","Eleven","A","693","BANGLA","BANGLA 1st","0","19","12","33","0","44","2.00","C"
"","2017-11-15","2017","1510577096","Eleven","A","694","BANGLA","BANGLA 1st","0","12","9","23","0","31","0.00","F"
"","2017-11-15","2017","1510577096","Eleven","A","695","BANGLA","BANGLA 1st","0","17","14","31","0","43","2.00","C"
"","2017-11-15","2017","1510577096","Eleven","A","696","BANGLA","BANGLA 1st","0","15","2","25","0","28","0.00","F"
"","2017-11-15","2017","1510577096","Eleven","A","697","BANGLA","BANGLA 1st","0","15","8","28","0","35","1.00","F"
"","2017-11-15","2017","1510577096","Eleven","A","698","BANGLA","BANGLA 1st","0","13","4","25","0","30","0.00","F"
"","2017-11-15","2017","1510577096","Eleven","A","699","BANGLA","BANGLA 1st","0","10","11","30","0","37","1.00","D"
"","2017-11-15","2017","1510577096","Eleven","A","700","BANGLA","BANGLA 1st","0","22","9","29","0","40","2.00","F"
"","2017-11-15","2017","1510577096","Eleven","A","701","BANGLA","BANGLA 1st","0","17","6","26","0","33","1.00","F"
"","2017-11-15","2017","1510577096","Eleven","A","702","BANGLA","BANGLA 1st","0","16","11","34","0","43","2.00","C"
"","2017-11-15","2017","1510577096","Eleven","A","703","BANGLA","BANGLA 1st","0","20","13","37","0","48","2.00","C"
"","2017-11-15","2017","1510577096","Eleven","A","704","BANGLA","BANGLA 1st","0","13","10","30","0","38","1.00","D"
"","2017-11-15","2017","1510577096","Eleven","A","705","BANGLA","BANGLA 1st","0","15","9","24","0","33","1.00","F"
"","2017-11-15","2017","1510577096","Eleven","A","706","BANGLA","BANGLA 1st","0","19","7","24","0","33","1.00","F"
"","2017-11-15","2017","1510577096","Eleven","A","707","BANGLA","BANGLA 1st","0","13","9","23","0","32","0.00","F"
"","2017-11-15","2017","1510577096","Eleven","A","708","BANGLA","BANGLA 1st","0","13","9","20","0","30","0.00","F"
"","2017-11-15","2017","1510577096","Eleven","A","709","BANGLA","BANGLA 1st","0","0","13","24","0","30","0.00","F"
"","2017-11-15","2017","1510577096","Eleven","A","710","BANGLA","BANGLA 1st","0","12","14","23","0","35","1.00","D"
"","2017-11-15","2017","1510577096","Eleven","A","711","BANGLA","BANGLA 1st","0","10","8","17","0","24","0.00","F"
"","2017-11-15","2017","1510577096","Eleven","A","712","BANGLA","BANGLA 1st","0","11","10","25","0","33","1.00","D"
"","2017-11-15","2017","1510577096","Eleven","A","713","BANGLA","BANGLA 1st","0","0","0","0","0","0","0.00","F"
"","2017-11-15","2017","1510577096","Eleven","A","714","BANGLA","BANGLA 1st","0","16","13","27","0","39","1.00","D"
"","2017-11-15","2017","1510577096","Eleven","A","715","BANGLA","BANGLA 1st","0","0","7","23","0","24","0.00","F"
"","2017-11-15","2017","1510577096","Eleven","A","716","BANGLA","BANGLA 1st","0","0","5","24","0","24","0.00","F"
"","2017-11-15","2017","1510577096","Eleven","A","751","BANGLA","BANGLA 1st","0","13","11","18","0","30","0.00","F"
"","2017-11-15","2017","1510577096","Eleven","A","752","BANGLA","BANGLA 1st","0","14","11","26","0","36","1.00","D"
"","2017-11-15","2017","1510577096","Eleven","A","753","BANGLA","BANGLA 1st","0","0","11","28","0","32","0.00","F"
"","2017-11-15","2017","1510577096","Eleven","A","754","BANGLA","BANGLA 1st","0","21","8","23","0","34","1.00","F"
"","2017-11-15","2017","1510577096","Eleven","A","755","BANGLA","BANGLA 1st","0","20","16","29","0","44","2.00","C"
"","2017-11-15","2017","1510577096","Eleven","A","756","BANGLA","BANGLA 1st","0","13","11","26","0","36","1.00","D"
"","2017-11-15","2017","1510577096","Eleven","A","757","BANGLA","BANGLA 1st","0","17","10","25","0","35","1.00","D"
"","2017-11-15","2017","1510577096","Eleven","A","758","BANGLA","BANGLA 1st","0","10","11","19","0","28","0.00","F"
"","2017-11-15","2017","1510577096","Eleven","A","759","BANGLA","BANGLA 1st","0","20","13","30","0","43","2.00","C"
"","2017-11-15","2017","1510577096","Eleven","A","760","BANGLA","BANGLA 1st","0","12","11","23","0","33","1.00","D"
"","2017-11-15","2017","1510577096","Eleven","A","761","BANGLA","BANGLA 1st","0","0","0","0","0","0","0.00","F"
"","2017-11-15","2017","1510577096","Eleven","A","762","BANGLA","BANGLA 1st","0","19","12","23","0","36","1.00","D"
"","2017-11-15","2017","1510577096","Eleven","A","763","BANGLA","BANGLA 1st","0","15","15","23","0","37","1.00","D"
"","2017-11-15","2017","1510577096","Eleven","A","764","BANGLA","BANGLA 1st","0","6","12","19","0","28","0.00","F"
"","2017-11-15","2017","1510577096","Eleven","A","765","BANGLA","BANGLA 1st","0","0","10","23","0","27","0.00","F"
"","2017-11-15","2017","1510577096","Eleven","A","767","BANGLA","BANGLA 1st","0","0","0","0","0","0","0.00","F"
"","2017-11-15","2017","1510577096","Eleven","A","769","BANGLA","BANGLA 1st","0","17","9","23","0","33","1.00","F"
"","2017-11-15","2017","1510577096","Eleven","A","770","BANGLA","BANGLA 1st","0","9","11","19","0","28","0.00","F"
"","2017-11-15","2017","1510577096","Eleven","A","771","BANGLA","BANGLA 1st","0","16","11","36","0","45","2.00","C"
"","2017-11-15","2017","1510577096","Eleven","A","772","BANGLA","BANGLA 1st","0","18","8","31","0","40","2.00","F"
"","2017-11-15","2017","1510577096","Eleven","A","773","BANGLA","BANGLA 1st","0","19","13","30","0","43","2.00","C"
"","2017-11-15","2017","1510577096","Eleven","A","774","BANGLA","BANGLA 1st","0","18","10","30","0","40","2.00","C"
"","2017-11-15","2017","1510577096","Eleven","A","775","BANGLA","BANGLA 1st","0","14","13","23","0","35","1.00","D"
"","2017-11-15","2017","1510577096","Eleven","A","776","BANGLA","BANGLA 1st","0","14","12","30","0","40","2.00","C"
"","2017-11-15","2017","1510577096","Eleven","A","777","BANGLA","BANGLA 1st","0","10","8","17","0","24","0.00","F"
"","2017-11-15","2017","1510577096","Eleven","A","778","BANGLA","BANGLA 1st","0","15","7","20","0","28","0.00","F"
"","2017-11-15","2017","1510577096","Eleven","A","779","BANGLA","BANGLA 1st","0","16","17","37","0","51","3.00","B"
"","2017-11-15","2017","1510577096","Eleven","A","780","BANGLA","BANGLA 1st","0","13","13","28","0","39","1.00","D"
"","2017-11-15","2017","1510577096","Eleven","A","781","BANGLA","BANGLA 1st","0","8","6","10","0","17","0.00","F"
"","2017-11-15","2017","1510577096","Eleven","A","782","BANGLA","BANGLA 1st","0","0","10","13","0","19","0.00","F"
"","2017-11-15","2017","1510577096","Eleven","A","783","BANGLA","BANGLA 1st","0","9","8","23","0","29","0.00","F"
"","2017-11-15","2017","1510577096","Eleven","A","784","BANGLA","BANGLA 1st","0","12","7","18","0","25","0.00","F"
"","2017-11-15","2017","1510577096","Eleven","A","785","BANGLA","BANGLA 1st","0","12","9","24","0","32","0.00","F"
"","2017-11-15","2017","1510577096","Eleven","A","786","BANGLA","BANGLA 1st","0","19","11","26","0","38","1.00","D"
"","2017-11-15","2017","1510577096","Eleven","A","787","BANGLA","BANGLA 1st","0","0","7","16","0","19","0.00","F"
"","2017-11-15","2017","1510577096","Eleven","A","788","BANGLA","BANGLA 1st","0","9","7","18","0","24","0.00","F"
"","2017-11-15","2017","1510577096","Eleven","A","789","BANGLA","BANGLA 1st","0","0","8","38","0","37","1.00","F"
"","2017-11-15","2017","1510577096","Eleven","A","790","BANGLA","BANGLA 1st","0","8","10","25","0","32","0.00","F"
"","2017-11-15","2017","1510577096","Eleven","A","791","BANGLA","BANGLA 1st","0","24","10","36","0","47","2.00","C"
"","2017-11-15","2017","1510577096","Eleven","A","792","BANGLA","BANGLA 1st","0","0","13","29","0","34","1.00","D"
"","2017-11-15","2017","1510577096","Eleven","A","793","BANGLA","BANGLA 1st","0","17","10","36","0","44","2.00","C"
"","2017-11-15","2017","1510577096","Eleven","A","794","BANGLA","BANGLA 1st","0","18","10","29","0","40","2.00","C"
"","2017-11-15","2017","1510577096","Eleven","A","795","BANGLA","BANGLA 1st","0","0","9","14","0","19","0.00","F"
"","2017-11-15","2017","1510577096","Eleven","A","796","BANGLA","BANGLA 1st","0","15","12","26","0","37","1.00","D"
"","2017-11-15","2017","1510577096","Eleven","A","797","BANGLA","BANGLA 1st","0","16","8","29","0","37","1.00","F"
"","2017-11-15","2017","1510577096","Eleven","A","798","BANGLA","BANGLA 1st","0","14","9","27","0","35","1.00","F"
"","2017-11-15","2017","1510577096","Eleven","A","799","BANGLA","BANGLA 1st","0","16","14","33","0","45","2.00","C"
"","2017-11-15","2017","1510577096","Eleven","A","800","BANGLA","BANGLA 1st","0","12","10","32","0","39","1.00","D"
"","2017-11-15","2017","1510577096","Eleven","A","801","BANGLA","BANGLA 1st","0","24","11","33","0","46","2.00","C"
"","2017-11-15","2017","1510577096","Eleven","A","802","BANGLA","BANGLA 1st","0","14","10","26","0","35","1.00","D"
"","2017-11-15","2017","1510577096","Eleven","A","803","BANGLA","BANGLA 1st","0","0","6","29","0","28","0.00","F"
"","2017-11-15","2017","1510577096","Eleven","A","804","BANGLA","BANGLA 1st","0","20","2","28","0","32","0.00","F"
"","2017-11-15","2017","1510577096","Eleven","A","805","BANGLA","BANGLA 1st","0","13","4","24","0","29","0.00","F"
"","2017-11-15","2017","1510577096","Eleven","A","806","BANGLA","BANGLA 1st","0","9","9","23","0","30","0.00","F"
"","2017-11-15","2017","1510577096","Eleven","A","807","BANGLA","BANGLA 1st","0","12","9","27","0","34","1.00","F"
"","2017-11-15","2017","1510577096","Eleven","A","808","BANGLA","BANGLA 1st","0","18","7","25","0","34","1.00","F"
"","2017-11-15","2017","1510577096","Eleven","A","809","BANGLA","BANGLA 1st","0","9","0","0","0","4","0.00","F"
"","2017-11-15","2017","1510577096","Eleven","A","810","BANGLA","BANGLA 1st","0","17","6","23","0","31","0.00","F"
"","2017-11-15","2017","1510577096","Eleven","A","811","BANGLA","BANGLA 1st","0","18","12","30","0","42","2.00","C"
"","2017-11-15","2017","1510577096","Eleven","A","812","BANGLA","BANGLA 1st","0","22","13","35","0","48","2.00","C"
"","2017-11-15","2017","1510577096","Eleven","A","813","BANGLA","BANGLA 1st","0","17","9","24","0","34","1.00","F"
"","2017-11-15","2017","1510577096","Eleven","A","814","BANGLA","BANGLA 1st","0","15","11","29","0","38","1.00","D"
"","2017-11-15","2017","1510577096","Eleven","A","815","BANGLA","BANGLA 1st","0","24","17","31","0","49","2.00","C"
"","2017-11-15","2017","1510577096","Eleven","A","816","BANGLA","BANGLA 1st","0","16","11","23","0","35","1.00","D"
"","2017-11-15","2017","1510577096","Eleven","A","817","BANGLA","BANGLA 1st","0","21","11","32","0","44","2.00","C"
"","2017-11-15","2017","1510577096","Eleven","A","818","BANGLA","BANGLA 1st","0","9","9","20","0","28","0.00","F"
"","2017-11-15","2017","1510577096","Eleven","A","819","BANGLA","BANGLA 1st","0","15","6","25","0","31","0.00","F"
"","2017-11-15","2017","1510577096","Eleven","A","820","BANGLA","BANGLA 1st","0","21","8","23","0","34","1.00","F"
"","2017-11-15","2017","1510577096","Eleven","A","821","BANGLA","BANGLA 1st","0","22","11","24","0","37","1.00","D"
"","2017-11-15","2017","1510577096","Eleven","A","822","BANGLA","BANGLA 1st","0","14","7","31","0","37","1.00","F"
"","2017-11-15","2017","1510577096","Eleven","A","823","BANGLA","BANGLA 1st","0","10","12","20","0","30","0.00","F"
"","2017-11-15","2017","1510577096","Eleven","A","824","BANGLA","BANGLA 1st","0","0","7","14","0","17","0.00","F"
"","2017-11-15","2017","1510577096","Eleven","A","825","BANGLA","BANGLA 1st","0","0","10","27","0","30","0.00","F"
"","2017-11-15","2017","1510577096","Eleven","A","826","BANGLA","BANGLA 1st","0","0","11","9","0","16","0.00","F"
"","2017-11-15","2017","1510577096","Eleven","A","827","BANGLA","BANGLA 1st","0","0","8","23","0","25","0.00","F"
"","2017-11-15","2017","1510577096","Eleven","A","828","BANGLA","BANGLA 1st","0","9","8","19","0","26","0.00","F"
"","2017-11-15","2017","1510577096","Eleven","A","829","BANGLA","BANGLA 1st","0","3","12","8","0","18","0.00","F"
"","2017-11-15","2017","1510577096","Eleven","A","830","BANGLA","BANGLA 1st","0","0","7","13","0","16","0.00","F"
"","2017-11-15","2017","1510577096","Eleven","A","831","BANGLA","BANGLA 1st","0","11","6","17","0","24","0.00","F"
"","2017-11-15","2017","1510577096","Eleven","A","832","BANGLA","BANGLA 1st","0","0","8","23","0","25","0.00","F"
"","2017-11-15","2017","1510577096","Eleven","A","833","BANGLA","BANGLA 1st","0","0","10","5","0","12","0.00","F"
"","2017-11-15","2017","1510577096","Eleven","A","834","BANGLA","BANGLA 1st","0","0","0","0","0","0","0.00","F"
"","2017-11-15","2017","1510577096","Eleven","A","835","BANGLA","BANGLA 1st","0","0","0","0","0","0","0.00","F"
"","2017-11-15","2017","1510577096","Eleven","A","836","BANGLA","BANGLA 1st","0","11","7","8","0","17","0.00","F"
"","2017-11-15","2017","1510577096","Eleven","A","837","BANGLA","BANGLA 1st","0","12","8","23","0","30","0.00","F"
"","2017-11-15","2017","1510577096","Eleven","A","838","BANGLA","BANGLA 1st","0","0","6","23","0","24","0.00","F"
"","2017-11-15","2017","1510577096","Eleven","A","839","BANGLA","BANGLA 1st","0","13","7","23","0","30","0.00","F"
"","2017-11-15","2017","1510577096","Eleven","A","840","BANGLA","BANGLA 1st","0","0","6","23","0","24","0.00","F"
"","2017-11-15","2017","1510577096","Eleven","A","841","BANGLA","BANGLA 1st","0","19","10","24","0","36","1.00","D"
"","2017-11-15","2017","1510577096","Eleven","A","842","BANGLA","BANGLA 1st","0","0","0","0","0","0","0.00","F"
"","2017-11-15","2017","1510577096","Eleven","A","843","BANGLA","BANGLA 1st","0","0","0","0","0","0","0.00","F"
"","2017-11-15","2017","1510577096","Eleven","A","844","BANGLA","BANGLA 1st","0","0","13","23","0","29","0.00","F"
"","2017-11-15","2017","1510577096","Eleven","A","845","BANGLA","BANGLA 1st","0","8","4","17","0","21","0.00","F"
"","2017-11-15","2017","1510577096","Eleven","A","846","BANGLA","BANGLA 1st","0","11","8","23","0","30","0.00","F"
"","2017-11-15","2017","1510577096","Eleven","A","847","BANGLA","BANGLA 1st","0","16","9","14","0","26","0.00","F"
"","2017-11-15","2017","1510577096","Eleven","A","848","BANGLA","BANGLA 1st","0","3","9","24","0","29","0.00","F"
"","2017-11-15","2017","1510577096","Eleven","A","849","BANGLA","BANGLA 1st","0","13","7","9","0","19","0.00","F"
"","2017-11-15","2017","1510577096","Eleven","A","850","BANGLA","BANGLA 1st","0","13","6","18","0","26","0.00","F"
"","2017-11-15","2017","1510577096","Eleven","A","851","BANGLA","BANGLA 1st","0","14","7","23","0","30","0.00","F"
"","2017-11-15","2017","1510577096","Eleven","A","852","BANGLA","BANGLA 1st","0","0","6","23","0","24","0.00","F"
"","2017-11-15","2017","1510577096","Eleven","A","853","BANGLA","BANGLA 1st","0","0","9","25","0","28","0.00","F"
"","2017-11-15","2017","1510577096","Eleven","A","854","BANGLA","BANGLA 1st","0","17","5","26","0","32","0.00","F"
"","2017-11-15","2017","1510577096","Eleven","A","855","BANGLA","BANGLA 1st","0","16","10","20","0","31","0.00","F"
"","2017-11-15","2017","1510577096","Eleven","A","856","BANGLA","BANGLA 1st","0","0","0","0","0","0","0.00","F"
"","2017-11-15","2017","1510577096","Eleven","A","858","BANGLA","BANGLA 1st","0","0","9","16","0","20","0.00","F"
"","2017-11-15","2017","1510577096","Eleven","A","859","BANGLA","BANGLA 1st","0","9","4","18","0","22","0.00","F"
"","2017-11-15","2017","1510577096","Eleven","A","860","BANGLA","BANGLA 1st","0","12","8","18","0","26","0.00","F"
"","2017-11-15","2017","1510577096","Eleven","A","861","BANGLA","BANGLA 1st","0","0","0","0","0","0","0.00","F"
"","2017-11-15","2017","1510577096","Eleven","A","862","BANGLA","BANGLA 1st","0","0","6","15","0","17","0.00","F"
"","2017-11-15","2017","1510577096","Eleven","A","863","BANGLA","BANGLA 1st","0","0","7","26","0","27","0.00","F"
"","2017-11-15","2017","1510577096","Eleven","A","864","BANGLA","BANGLA 1st","0","9","0","0","0","4","0.00","F"
"","2017-11-15","2017","1510577096","Eleven","A","865","BANGLA","BANGLA 1st","0","0","8","18","0","21","0.00","F"
"","2017-11-15","2017","1510577096","Eleven","A","866","BANGLA","BANGLA 1st","0","0","6","23","0","24","0.00","F"
"","2017-11-15","2017","1510577096","Eleven","A","867","BANGLA","BANGLA 1st","0","10","8","24","0","30","0.00","F"
"","2017-11-15","2017","1510577096","Eleven","A","868","BANGLA","BANGLA 1st","0","17","6","20","0","28","0.00","F"
"","2017-11-15","2017","1510577096","Eleven","A","869","BANGLA","BANGLA 1st","0","19","10","29","0","40","2.00","C"
"","2017-11-15","2017","1510577096","Eleven","A","870","BANGLA","BANGLA 1st","0","23","9","8","0","24","0.00","F"
"","2017-11-15","2017","1510577096","Eleven","A","871","BANGLA","BANGLA 1st","0","20","10","23","0","35","1.00","D"
"","2017-11-15","2017","1510577096","Eleven","A","872","BANGLA","BANGLA 1st","0","16","10","24","0","35","1.00","D"
"","2017-11-15","2017","1510577096","Eleven","A","873","BANGLA","BANGLA 1st","0","19","9","23","0","34","1.00","F"
"","2017-11-15","2017","1510577096","Eleven","A","874","BANGLA","BANGLA 1st","0","15","13","26","0","38","1.00","D"
"","2017-11-15","2017","1510577096","Eleven","A","875","BANGLA","BANGLA 1st","0","22","9","23","0","35","1.00","F"
"","2017-11-15","2017","1510577096","Eleven","A","876","BANGLA","BANGLA 1st","0","15","8","26","0","34","1.00","F"
"","2017-11-15","2017","1510577096","Eleven","A","877","BANGLA","BANGLA 1st","0","24","11","23","0","38","1.00","D"
"","2017-11-15","2017","1510577096","Eleven","A","878","BANGLA","BANGLA 1st","0","21","10","23","0","36","1.00","D"
"","2017-11-15","2017","1510577096","Eleven","A","879","BANGLA","BANGLA 1st","0","23","11","20","0","35","1.00","F"
"","2017-11-15","2017","1510577096","Eleven","A","880","BANGLA","BANGLA 1st","0","29","20","36","0","57","3.00","B"
"","2017-11-15","2017","1510577096","Eleven","A","881","BANGLA","BANGLA 1st","0","25","14","35","0","50","3.00","B"
"","2017-11-15","2017","1510577096","Eleven","A","882","BANGLA","BANGLA 1st","0","16","16","32","0","46","2.00","C"
"","2017-11-15","2017","1510577096","Eleven","A","883","BANGLA","BANGLA 1st","0","21","12","29","0","42","2.00","C"
"","2017-11-15","2017","1510577096","Eleven","A","884","BANGLA","BANGLA 1st","0","16","3","25","0","30","0.00","F"
"","2017-11-15","2017","1510577096","Eleven","A","885","BANGLA","BANGLA 1st","0","18","8","19","0","30","0.00","F"
"","2017-11-15","2017","1510577096","Eleven","A","886","BANGLA","BANGLA 1st","0","19","6","29","0","36","1.00","F"
"","2017-11-15","2017","1510577096","Eleven","A","887","BANGLA","BANGLA 1st","0","14","6","24","0","30","0.00","F"
"","2017-11-15","2017","1510577096","Eleven","A","888","BANGLA","BANGLA 1st","0","24","11","28","0","42","2.00","C"
"","2017-11-15","2017","1510577096","Eleven","A","889","BANGLA","BANGLA 1st","0","9","9","36","0","40","2.00","F"
"","2017-11-15","2017","1510577096","Eleven","A","890","BANGLA","BANGLA 1st","0","26","11","26","0","41","2.00","C"
"","2017-11-15","2017","1510577096","Eleven","A","891","BANGLA","BANGLA 1st","0","21","11","19","0","33","1.00","F"
"","2017-11-15","2017","1510577096","Eleven","A","892","BANGLA","BANGLA 1st","0","18","13","29","0","42","2.00","C"
"","2017-11-15","2017","1510577096","Eleven","A","893","BANGLA","BANGLA 1st","0","17","13","25","0","38","1.00","D"
"","2017-11-15","2017","1510577096","Eleven","A","894","BANGLA","BANGLA 1st","0","19","13","30","0","43","2.00","C"
"","2017-11-15","2017","1510577096","Eleven","A","895","BANGLA","BANGLA 1st","0","16","12","25","0","37","1.00","D"
"","2017-11-15","2017","1510577096","Eleven","A","896","BANGLA","BANGLA 1st","0","16","5","24","0","31","0.00","F"
"","2017-11-15","2017","1510577096","Eleven","A","897","BANGLA","BANGLA 1st","0","20","7","30","0","38","1.00","F"
"","2017-11-15","2017","1510577096","Eleven","A","898","BANGLA","BANGLA 1st","0","11","9","23","0","31","0.00","F"
"","2017-11-15","2017","1510577096","Eleven","A","899","BANGLA","BANGLA 1st","0","0","0","0","0","0","0.00","F"
"","2017-11-15","2017","1510577096","Eleven","A","900","BANGLA","BANGLA 1st","0","27","15","29","0","47","2.00","C"
"","2017-11-15","2017","1510577096","Eleven","A","901","BANGLA","BANGLA 1st","0","20","14","33","0","46","2.00","C"
"","2017-11-15","2017","1510577096","Eleven","A","902","BANGLA","BANGLA 1st","0","21","20","37","0","55","3.00","B"
"","2017-11-15","2017","1510577096","Eleven","A","903","BANGLA","BANGLA 1st","0","20","14","27","0","41","2.00","C"
"","2017-11-15","2017","1510577096","Eleven","A","904","BANGLA","BANGLA 1st","0","33","16","32","0","53","3.00","B"
"","2017-11-15","2017","1510577096","Eleven","A","905","BANGLA","BANGLA 1st","0","16","12","29","0","40","2.00","C"
"","2017-11-15","2017","1510577096","Eleven","A","906","BANGLA","BANGLA 1st","0","17","13","26","0","39","1.00","D"
"","2017-11-15","2017","1510577096","Eleven","A","907","BANGLA","BANGLA 1st","0","14","12","28","0","38","1.00","D"
"","2017-11-15","2017","1510577096","Eleven","A","908","BANGLA","BANGLA 1st","0","11","6","17","0","24","0.00","F"
"","2017-11-15","2017","1510577096","Eleven","A","909","BANGLA","BANGLA 1st","0","10","8","27","0","32","0.00","F"
"","2017-11-15","2017","1510577096","Eleven","A","910","BANGLA","BANGLA 1st","0","18","14","15","0","32","0.00","F"
"","2017-11-15","2017","1510577096","Eleven","A","911","BANGLA","BANGLA 1st","0","18","8","12","0","24","0.00","F"
"","2017-11-15","2017","1510577096","Eleven","A","912","BANGLA","BANGLA 1st","0","16","11","23","0","35","1.00","D"
"","2017-11-15","2017","1510577096","Eleven","A","913","BANGLA","BANGLA 1st","0","0","0","0","0","0","0.00","F"
"","2017-11-15","2017","1510577096","Eleven","A","915","BANGLA","BANGLA 1st","0","0","8","24","0","26","0.00","F"
"","2017-11-15","2017","1510577096","Eleven","A","916","BANGLA","BANGLA 1st","0","24","6","23","0","34","1.00","F"
"","2017-11-15","2017","1510577096","Eleven","A","917","BANGLA","BANGLA 1st","0","17","12","23","0","35","1.00","D"
"","2017-11-15","2017","1510577096","Eleven","A","918","BANGLA","BANGLA 1st","0","0","0","0","0","0","0.00","F"
"","2017-11-15","2017","1510577096","Eleven","A","919","BANGLA","BANGLA 1st","0","14","13","26","0","38","1.00","D"
"","2017-11-15","2017","1510577096","Eleven","A","920","BANGLA","BANGLA 1st","0","11","12","20","0","31","0.00","F"
"","2017-11-15","2017","1510577096","Eleven","A","921","BANGLA","BANGLA 1st","0","15","11","31","0","40","2.00","C"
"","2017-11-15","2017","1510577096","Eleven","A","922","BANGLA","BANGLA 1st","0","15","2","24","0","27","0.00","F"
"","2017-11-15","2017","1510577096","Eleven","A","923","BANGLA","BANGLA 1st","0","18","11","36","0","46","2.00","C"
"","2017-11-15","2017","1510577096","Eleven","A","924","BANGLA","BANGLA 1st","0","16","11","30","0","40","2.00","C"
"","2017-11-15","2017","1510577096","Eleven","A","925","BANGLA","BANGLA 1st","0","15","10","23","0","33","1.00","D"
"","2017-11-15","2017","1510577096","Eleven","A","926","BANGLA","BANGLA 1st","0","15","11","24","0","34","1.00","D"
"","2017-11-15","2017","1510577096","Eleven","A","927","BANGLA","BANGLA 1st","0","19","7","26","0","35","1.00","F"
"","2017-11-15","2017","1510577096","Eleven","A","928","BANGLA","BANGLA 1st","0","16","8","23","0","32","0.00","F"
"","2017-11-15","2017","1510577096","Eleven","A","929","BANGLA","BANGLA 1st","0","15","7","31","0","37","1.00","F"
"","2017-11-15","2017","1510577096","Eleven","A","930","BANGLA","BANGLA 1st","0","17","6","20","0","28","0.00","F"
"","2017-11-15","2017","1510577096","Eleven","A","931","BANGLA","BANGLA 1st","0","17","8","23","0","32","0.00","F"
"","2017-11-15","2017","1510577096","Eleven","A","932","BANGLA","BANGLA 1st","0","0","12","32","0","36","1.00","D"
"","2017-11-15","2017","1510577096","Eleven","A","933","BANGLA","BANGLA 1st","0","15","4","14","0","21","0.00","F"
"","2017-11-15","2017","1510577096","Eleven","A","934","BANGLA","BANGLA 1st","0","0","5","23","0","23","0.00","F"
"","2017-11-15","2017","1510577096","Eleven","A","935","BANGLA","BANGLA 1st","0","9","5","18","0","23","0.00","F"
"","2017-11-15","2017","1510577096","Eleven","A","936","BANGLA","BANGLA 1st","0","9","10","23","0","31","0.00","F"
"","2017-11-15","2017","1510577096","Eleven","A","937","BANGLA","BANGLA 1st","0","19","6","28","0","36","1.00","F"
"","2017-11-15","2017","1510577096","Eleven","A","938","BANGLA","BANGLA 1st","0","17","9","23","0","33","1.00","F"
"","2017-11-15","2017","1510577096","Eleven","A","939","BANGLA","BANGLA 1st","0","15","10","4","0","18","0.00","F"
"","2017-11-15","2017","1510577096","Eleven","A","940","BANGLA","BANGLA 1st","0","17","10","26","0","36","1.00","D"
"","2017-11-15","2017","1510577096","Eleven","A","941","BANGLA","BANGLA 1st","0","0","8","26","0","28","0.00","F"
"","2017-11-15","2017","1510577096","Eleven","A","942","BANGLA","BANGLA 1st","0","16","8","24","0","33","1.00","F"
"","2017-11-15","2017","1510577096","Eleven","A","943","BANGLA","BANGLA 1st","0","0","0","0","0","0","0.00","F"
"","2017-11-15","2017","1510577096","Eleven","A","944","BANGLA","BANGLA 1st","0","19","13","28","0","41","2.00","C"
"","2017-11-15","2017","1510577096","Eleven","A","945","BANGLA","BANGLA 1st","0","23","9","37","0","47","2.00","F"