"","2017-11-15","2017","1510577096","Eleven","A","651","ENGLISH","ENGLISH 1st","0","9","0","41","0","37","1.00","D"
"","2017-11-15","2017","1510577096","Eleven","A","652","ENGLISH","ENGLISH 1st","0","18","0","40","0","40","2.00","C"
"","2017-11-15","2017","1510577096","Eleven","A","653","ENGLISH","ENGLISH 1st","0","21","0","47","0","47","2.00","C"
"","2017-11-15","2017","1510577096","Eleven","A","654","ENGLISH","ENGLISH 1st","0","32","0","50","0","53","3.00","B"
"","2017-11-15","2017","1510577096","Eleven","A","655","ENGLISH","ENGLISH 1st","0","30","0","50","0","52","3.00","B"
"","2017-11-15","2017","1510577096","Eleven","A","656","ENGLISH","ENGLISH 1st","0","9","0","40","0","36","1.00","D"
"","2017-11-15","2017","1510577096","Eleven","A","657","ENGLISH","ENGLISH 1st","0","9","0","25","0","24","0.00","F"
"","2017-11-15","2017","1510577096","Eleven","A","658","ENGLISH","ENGLISH 1st","0","11","0","40","0","37","1.00","D"
"","2017-11-15","2017","1510577096","Eleven","A","659","ENGLISH","ENGLISH 1st","0","11","0","45","0","41","2.00","C"
"","2017-11-15","2017","1510577096","Eleven","A","660","ENGLISH","ENGLISH 1st","0","8","0","55","0","48","2.00","C"
"","2017-11-15","2017","1510577096","Eleven","A","661","ENGLISH","ENGLISH 1st","0","23","0","53","0","53","3.00","B"
"","2017-11-15","2017","1510577096","Eleven","A","662","ENGLISH","ENGLISH 1st","0","27","0","50","0","51","3.00","B"
"","2017-11-15","2017","1510577096","Eleven","A","663","ENGLISH","ENGLISH 1st","0","34","0","45","0","50","3.00","B"
"","2017-11-15","2017","1510577096","Eleven","A","664","ENGLISH","ENGLISH 1st","0","26","0","53","0","54","3.00","B"
"","2017-11-15","2017","1510577096","Eleven","A","665","ENGLISH","ENGLISH 1st","0","26","0","44","0","47","2.00","C"
"","2017-11-15","2017","1510577096","Eleven","A","666","ENGLISH","ENGLISH 1st","0","30","0","45","0","48","2.00","C"
"","2017-11-15","2017","1510577096","Eleven","A","667","ENGLISH","ENGLISH 1st","0","14","0","37","0","36","1.00","D"
"","2017-11-15","2017","1510577096","Eleven","A","668","ENGLISH","ENGLISH 1st","0","27","0","50","0","51","3.00","B"
"","2017-11-15","2017","1510577096","Eleven","A","669","ENGLISH","ENGLISH 1st","0","30","0","43","0","47","2.00","C"
"","2017-11-15","2017","1510577096","Eleven","A","670","ENGLISH","ENGLISH 1st","0","20","0","45","0","44","2.00","C"
"","2017-11-15","2017","1510577096","Eleven","A","671","ENGLISH","ENGLISH 1st","0","14","0","33","0","33","1.00","D"
"","2017-11-15","2017","1510577096","Eleven","A","672","ENGLISH","ENGLISH 1st","0","17","0","41","0","40","2.00","C"
"","2017-11-15","2017","1510577096","Eleven","A","673","ENGLISH","ENGLISH 1st","0","8","0","25","0","24","0.00","F"
"","2017-11-15","2017","1510577096","Eleven","A","674","ENGLISH","ENGLISH 1st","0","21","0","27","0","31","0.00","F"
"","2017-11-15","2017","1510577096","Eleven","A","675","ENGLISH","ENGLISH 1st","0","33","0","70","0","70","4.00","A"
"","2017-11-15","2017","1510577096","Eleven","A","676","ENGLISH","ENGLISH 1st","0","32","0","64","0","65","3.50","A-"
"","2017-11-15","2017","1510577096","Eleven","A","677","ENGLISH","ENGLISH 1st","0","20","0","50","0","48","2.00","C"
"","2017-11-15","2017","1510577096","Eleven","A","678","ENGLISH","ENGLISH 1st","0","25","0","68","0","65","3.50","A-"
"","2017-11-15","2017","1510577096","Eleven","A","679","ENGLISH","ENGLISH 1st","0","31","0","64","0","65","3.50","A-"
"","2017-11-15","2017","1510577096","Eleven","A","680","ENGLISH","ENGLISH 1st","0","27","0","53","0","54","3.00","B"
"","2017-11-15","2017","1510577096","Eleven","A","681","ENGLISH","ENGLISH 1st","0","22","0","42","0","43","2.00","C"
"","2017-11-15","2017","1510577096","Eleven","A","682","ENGLISH","ENGLISH 1st","0","33","0","57","0","60","3.50","A-"
"","2017-11-15","2017","1510577096","Eleven","A","683","ENGLISH","ENGLISH 1st","0","16","0","52","0","49","2.00","C"
"","2017-11-15","2017","1510577096","Eleven","A","684","ENGLISH","ENGLISH 1st","0","19","0","45","0","44","2.00","C"
"","2017-11-15","2017","1510577096","Eleven","A","685","ENGLISH","ENGLISH 1st","0","18","0","37","0","38","1.00","D"
"","2017-11-15","2017","1510577096","Eleven","A","686","ENGLISH","ENGLISH 1st","0","31","0","45","0","49","2.00","C"
"","2017-11-15","2017","1510577096","Eleven","A","687","ENGLISH","ENGLISH 1st","0","21","0","44","0","45","2.00","C"
"","2017-11-15","2017","1510577096","Eleven","A","688","ENGLISH","ENGLISH 1st","0","9","0","39","0","36","1.00","D"
"","2017-11-15","2017","1510577096","Eleven","A","689","ENGLISH","ENGLISH 1st","0","23","0","40","0","42","2.00","C"
"","2017-11-15","2017","1510577096","Eleven","A","690","ENGLISH","ENGLISH 1st","0","21","0","33","0","36","1.00","D"
"","2017-11-15","2017","1510577096","Eleven","A","691","ENGLISH","ENGLISH 1st","0","22","0","34","0","37","1.00","D"
"","2017-11-15","2017","1510577096","Eleven","A","692","ENGLISH","ENGLISH 1st","0","14","0","28","0","29","0.00","F"
"","2017-11-15","2017","1510577096","Eleven","A","693","ENGLISH","ENGLISH 1st","0","31","0","45","0","49","2.00","C"
"","2017-11-15","2017","1510577096","Eleven","A","694","ENGLISH","ENGLISH 1st","0","11","0","37","0","35","1.00","D"
"","2017-11-15","2017","1510577096","Eleven","A","695","ENGLISH","ENGLISH 1st","0","17","0","37","0","37","1.00","D"
"","2017-11-15","2017","1510577096","Eleven","A","696","ENGLISH","ENGLISH 1st","0","15","0","33","0","33","1.00","D"
"","2017-11-15","2017","1510577096","Eleven","A","697","ENGLISH","ENGLISH 1st","0","19","0","41","0","41","2.00","C"
"","2017-11-15","2017","1510577096","Eleven","A","698","ENGLISH","ENGLISH 1st","0","10","0","27","0","26","0.00","F"
"","2017-11-15","2017","1510577096","Eleven","A","699","ENGLISH","ENGLISH 1st","0","24","0","41","0","43","2.00","C"
"","2017-11-15","2017","1510577096","Eleven","A","700","ENGLISH","ENGLISH 1st","0","20","0","38","0","39","1.00","D"
"","2017-11-15","2017","1510577096","Eleven","A","701","ENGLISH","ENGLISH 1st","0","22","0","37","0","39","1.00","D"
"","2017-11-15","2017","1510577096","Eleven","A","702","ENGLISH","ENGLISH 1st","0","33","0","47","0","52","3.00","B"
"","2017-11-15","2017","1510577096","Eleven","A","703","ENGLISH","ENGLISH 1st","0","15","0","47","0","44","2.00","C"
"","2017-11-15","2017","1510577096","Eleven","A","704","ENGLISH","ENGLISH 1st","0","22","0","37","0","39","1.00","D"
"","2017-11-15","2017","1510577096","Eleven","A","705","ENGLISH","ENGLISH 1st","0","14","0","25","0","26","0.00","F"
"","2017-11-15","2017","1510577096","Eleven","A","706","ENGLISH","ENGLISH 1st","0","18","0","34","0","36","1.00","D"
"","2017-11-15","2017","1510577096","Eleven","A","707","ENGLISH","ENGLISH 1st","0","17","0","48","0","46","2.00","C"
"","2017-11-15","2017","1510577096","Eleven","A","708","ENGLISH","ENGLISH 1st","0","10","0","33","0","31","0.00","F"
"","2017-11-15","2017","1510577096","Eleven","A","709","ENGLISH","ENGLISH 1st","0","18","0","33","0","35","1.00","D"
"","2017-11-15","2017","1510577096","Eleven","A","710","ENGLISH","ENGLISH 1st","0","18","0","36","0","37","1.00","D"
"","2017-11-15","2017","1510577096","Eleven","A","711","ENGLISH","ENGLISH 1st","0","18","0","28","0","31","0.00","F"
"","2017-11-15","2017","1510577096","Eleven","A","712","ENGLISH","ENGLISH 1st","0","23","0","33","0","37","1.00","D"
"","2017-11-15","2017","1510577096","Eleven","A","713","ENGLISH","ENGLISH 1st","0","0","0","0","0","0","0.00","F"
"","2017-11-15","2017","1510577096","Eleven","A","714","ENGLISH","ENGLISH 1st","0","25","0","35","0","38","1.00","D"
"","2017-11-15","2017","1510577096","Eleven","A","715","ENGLISH","ENGLISH 1st","0","0","0","34","0","28","0.00","F"
"","2017-11-15","2017","1510577096","Eleven","A","716","ENGLISH","ENGLISH 1st","0","13","0","33","0","33","1.00","D"
"","2017-11-15","2017","1510577096","Eleven","A","751","ENGLISH","ENGLISH 1st","0","0","0","26","0","21","0.00","F"
"","2017-11-15","2017","1510577096","Eleven","A","752","ENGLISH","ENGLISH 1st","0","24","0","50","0","50","3.00","B"
"","2017-11-15","2017","1510577096","Eleven","A","753","ENGLISH","ENGLISH 1st","0","28","0","50","0","52","3.00","B"
"","2017-11-15","2017","1510577096","Eleven","A","754","ENGLISH","ENGLISH 1st","0","32","0","52","0","55","3.00","B"
"","2017-11-15","2017","1510577096","Eleven","A","755","ENGLISH","ENGLISH 1st","0","32","0","53","0","56","3.00","B"
"","2017-11-15","2017","1510577096","Eleven","A","756","ENGLISH","ENGLISH 1st","0","33","0","51","0","55","3.00","B"
"","2017-11-15","2017","1510577096","Eleven","A","757","ENGLISH","ENGLISH 1st","0","7","0","33","0","30","0.00","F"
"","2017-11-15","2017","1510577096","Eleven","A","758","ENGLISH","ENGLISH 1st","0","19","0","33","0","35","1.00","D"
"","2017-11-15","2017","1510577096","Eleven","A","759","ENGLISH","ENGLISH 1st","0","28","0","47","0","50","3.00","B"
"","2017-11-15","2017","1510577096","Eleven","A","760","ENGLISH","ENGLISH 1st","0","21","0","21","0","26","0.00","F"
"","2017-11-15","2017","1510577096","Eleven","A","761","ENGLISH","ENGLISH 1st","0","15","0","0","0","6","0.00","F"
"","2017-11-15","2017","1510577096","Eleven","A","762","ENGLISH","ENGLISH 1st","0","19","0","38","0","39","1.00","D"
"","2017-11-15","2017","1510577096","Eleven","A","763","ENGLISH","ENGLISH 1st","0","30","0","48","0","51","3.00","B"
"","2017-11-15","2017","1510577096","Eleven","A","764","ENGLISH","ENGLISH 1st","0","21","0","29","0","33","1.00","F"
"","2017-11-15","2017","1510577096","Eleven","A","765","ENGLISH","ENGLISH 1st","0","23","0","25","0","30","0.00","F"
"","2017-11-15","2017","1510577096","Eleven","A","767","ENGLISH","ENGLISH 1st","0","23","0","27","0","32","0.00","F"
"","2017-11-15","2017","1510577096","Eleven","A","769","ENGLISH","ENGLISH 1st","0","24","0","40","0","42","2.00","C"
"","2017-11-15","2017","1510577096","Eleven","A","770","ENGLISH","ENGLISH 1st","0","14","0","30","0","30","0.00","F"
"","2017-11-15","2017","1510577096","Eleven","A","771","ENGLISH","ENGLISH 1st","0","9","0","25","0","24","0.00","F"
"","2017-11-15","2017","1510577096","Eleven","A","772","ENGLISH","ENGLISH 1st","0","12","0","34","0","33","1.00","D"
"","2017-11-15","2017","1510577096","Eleven","A","773","ENGLISH","ENGLISH 1st","0","26","0","56","0","56","3.00","B"
"","2017-11-15","2017","1510577096","Eleven","A","774","ENGLISH","ENGLISH 1st","0","21","0","38","0","40","2.00","C"
"","2017-11-15","2017","1510577096","Eleven","A","775","ENGLISH","ENGLISH 1st","0","19","0","29","0","32","0.00","F"
"","2017-11-15","2017","1510577096","Eleven","A","776","ENGLISH","ENGLISH 1st","0","16","0","33","0","34","1.00","D"
"","2017-11-15","2017","1510577096","Eleven","A","777","ENGLISH","ENGLISH 1st","0","17","0","30","0","31","0.00","F"
"","2017-11-15","2017","1510577096","Eleven","A","778","ENGLISH","ENGLISH 1st","0","8","0","27","0","26","0.00","F"
"","2017-11-15","2017","1510577096","Eleven","A","779","ENGLISH","ENGLISH 1st","0","24","0","47","0","48","2.00","C"
"","2017-11-15","2017","1510577096","Eleven","A","780","ENGLISH","ENGLISH 1st","0","31","0","56","0","58","3.00","B"
"","2017-11-15","2017","1510577096","Eleven","A","781","ENGLISH","ENGLISH 1st","0","0","0","33","0","27","0.00","F"
"","2017-11-15","2017","1510577096","Eleven","A","782","ENGLISH","ENGLISH 1st","0","16","0","29","0","31","0.00","F"
"","2017-11-15","2017","1510577096","Eleven","A","783","ENGLISH","ENGLISH 1st","0","8","0","21","0","21","0.00","F"
"","2017-11-15","2017","1510577096","Eleven","A","784","ENGLISH","ENGLISH 1st","0","5","0","27","0","24","0.00","F"
"","2017-11-15","2017","1510577096","Eleven","A","785","ENGLISH","ENGLISH 1st","0","16","0","27","0","29","0.00","F"
"","2017-11-15","2017","1510577096","Eleven","A","786","ENGLISH","ENGLISH 1st","0","23","0","40","0","42","2.00","C"
"","2017-11-15","2017","1510577096","Eleven","A","787","ENGLISH","ENGLISH 1st","0","0","0","20","0","16","0.00","F"
"","2017-11-15","2017","1510577096","Eleven","A","788","ENGLISH","ENGLISH 1st","0","16","0","38","0","38","1.00","D"
"","2017-11-15","2017","1510577096","Eleven","A","789","ENGLISH","ENGLISH 1st","0","17","0","40","0","39","1.00","D"
"","2017-11-15","2017","1510577096","Eleven","A","790","ENGLISH","ENGLISH 1st","0","9","0","27","0","26","0.00","F"
"","2017-11-15","2017","1510577096","Eleven","A","791","ENGLISH","ENGLISH 1st","0","27","0","56","0","56","3.00","B"
"","2017-11-15","2017","1510577096","Eleven","A","792","ENGLISH","ENGLISH 1st","0","27","0","44","0","47","2.00","C"
"","2017-11-15","2017","1510577096","Eleven","A","793","ENGLISH","ENGLISH 1st","0","28","0","56","0","57","3.00","B"
"","2017-11-15","2017","1510577096","Eleven","A","794","ENGLISH","ENGLISH 1st","0","16","0","40","0","39","1.00","D"
"","2017-11-15","2017","1510577096","Eleven","A","795","ENGLISH","ENGLISH 1st","0","10","0","23","0","23","0.00","F"
"","2017-11-15","2017","1510577096","Eleven","A","796","ENGLISH","ENGLISH 1st","0","16","0","35","0","35","1.00","D"
"","2017-11-15","2017","1510577096","Eleven","A","797","ENGLISH","ENGLISH 1st","0","14","0","25","0","26","0.00","F"
"","2017-11-15","2017","1510577096","Eleven","A","798","ENGLISH","ENGLISH 1st","0","17","0","27","0","29","0.00","F"
"","2017-11-15","2017","1510577096","Eleven","A","799","ENGLISH","ENGLISH 1st","0","18","0","44","0","44","2.00","C"
"","2017-11-15","2017","1510577096","Eleven","A","800","ENGLISH","ENGLISH 1st","0","13","0","36","0","35","1.00","D"
"","2017-11-15","2017","1510577096","Eleven","A","801","ENGLISH","ENGLISH 1st","0","22","0","40","0","41","2.00","C"
"","2017-11-15","2017","1510577096","Eleven","A","802","ENGLISH","ENGLISH 1st","0","21","0","40","0","41","2.00","C"
"","2017-11-15","2017","1510577096","Eleven","A","803","ENGLISH","ENGLISH 1st","0","16","0","33","0","34","1.00","D"
"","2017-11-15","2017","1510577096","Eleven","A","804","ENGLISH","ENGLISH 1st","0","20","0","30","0","32","0.00","F"
"","2017-11-15","2017","1510577096","Eleven","A","805","ENGLISH","ENGLISH 1st","0","22","0","26","0","30","0.00","F"
"","2017-11-15","2017","1510577096","Eleven","A","806","ENGLISH","ENGLISH 1st","0","14","0","25","0","26","0.00","F"
"","2017-11-15","2017","1510577096","Eleven","A","807","ENGLISH","ENGLISH 1st","0","15","0","26","0","27","0.00","F"
"","2017-11-15","2017","1510577096","Eleven","A","808","ENGLISH","ENGLISH 1st","0","20","0","21","0","25","0.00","F"
"","2017-11-15","2017","1510577096","Eleven","A","809","ENGLISH","ENGLISH 1st","0","11","0","20","0","21","0.00","F"
"","2017-11-15","2017","1510577096","Eleven","A","810","ENGLISH","ENGLISH 1st","0","22","0","42","0","43","2.00","C"
"","2017-11-15","2017","1510577096","Eleven","A","811","ENGLISH","ENGLISH 1st","0","16","0","26","0","28","0.00","F"
"","2017-11-15","2017","1510577096","Eleven","A","812","ENGLISH","ENGLISH 1st","0","31","0","62","0","63","3.50","A-"
"","2017-11-15","2017","1510577096","Eleven","A","813","ENGLISH","ENGLISH 1st","0","10","0","26","0","25","0.00","F"
"","2017-11-15","2017","1510577096","Eleven","A","814","ENGLISH","ENGLISH 1st","0","9","0","33","0","31","0.00","F"
"","2017-11-15","2017","1510577096","Eleven","A","815","ENGLISH","ENGLISH 1st","0","14","0","45","0","42","2.00","C"
"","2017-11-15","2017","1510577096","Eleven","A","816","ENGLISH","ENGLISH 1st","0","18","0","36","0","37","1.00","D"
"","2017-11-15","2017","1510577096","Eleven","A","817","ENGLISH","ENGLISH 1st","0","21","0","50","0","49","2.00","C"
"","2017-11-15","2017","1510577096","Eleven","A","818","ENGLISH","ENGLISH 1st","0","10","0","33","0","31","0.00","F"
"","2017-11-15","2017","1510577096","Eleven","A","819","ENGLISH","ENGLISH 1st","0","20","0","36","0","37","1.00","D"
"","2017-11-15","2017","1510577096","Eleven","A","820","ENGLISH","ENGLISH 1st","0","21","0","44","0","45","2.00","C"
"","2017-11-15","2017","1510577096","Eleven","A","821","ENGLISH","ENGLISH 1st","0","16","0","45","0","43","2.00","C"
"","2017-11-15","2017","1510577096","Eleven","A","822","ENGLISH","ENGLISH 1st","0","20","0","57","0","54","3.00","B"
"","2017-11-15","2017","1510577096","Eleven","A","823","ENGLISH","ENGLISH 1st","0","21","0","40","0","41","2.00","C"
"","2017-11-15","2017","1510577096","Eleven","A","824","ENGLISH","ENGLISH 1st","0","0","0","37","0","30","0.00","F"
"","2017-11-15","2017","1510577096","Eleven","A","825","ENGLISH","ENGLISH 1st","0","12","0","34","0","33","1.00","D"
"","2017-11-15","2017","1510577096","Eleven","A","826","ENGLISH","ENGLISH 1st","0","10","0","16","0","17","0.00","F"
"","2017-11-15","2017","1510577096","Eleven","A","827","ENGLISH","ENGLISH 1st","0","0","0","25","0","20","0.00","F"
"","2017-11-15","2017","1510577096","Eleven","A","828","ENGLISH","ENGLISH 1st","0","12","0","33","0","32","0.00","F"
"","2017-11-15","2017","1510577096","Eleven","A","829","ENGLISH","ENGLISH 1st","0","14","0","22","0","24","0.00","F"
"","2017-11-15","2017","1510577096","Eleven","A","830","ENGLISH","ENGLISH 1st","0","11","0","20","0","21","0.00","F"
"","2017-11-15","2017","1510577096","Eleven","A","831","ENGLISH","ENGLISH 1st","0","0","0","15","0","12","0.00","F"
"","2017-11-15","2017","1510577096","Eleven","A","832","ENGLISH","ENGLISH 1st","0","12","0","27","0","27","0.00","F"
"","2017-11-15","2017","1510577096","Eleven","A","833","ENGLISH","ENGLISH 1st","0","21","0","20","0","25","0.00","F"
"","2017-11-15","2017","1510577096","Eleven","A","834","ENGLISH","ENGLISH 1st","0","0","0","0","0","0","0.00","F"
"","2017-11-15","2017","1510577096","Eleven","A","835","ENGLISH","ENGLISH 1st","0","0","0","0","0","0","0.00","F"
"","2017-11-15","2017","1510577096","Eleven","A","836","ENGLISH","ENGLISH 1st","0","17","0","15","0","19","0.00","F"
"","2017-11-15","2017","1510577096","Eleven","A","837","ENGLISH","ENGLISH 1st","0","13","0","0","0","6","0.00","F"
"","2017-11-15","2017","1510577096","Eleven","A","838","ENGLISH","ENGLISH 1st","0","0","0","30","0","24","0.00","F"
"","2017-11-15","2017","1510577096","Eleven","A","839","ENGLISH","ENGLISH 1st","0","10","0","15","0","16","0.00","F"
"","2017-11-15","2017","1510577096","Eleven","A","840","ENGLISH","ENGLISH 1st","0","10","0","10","0","12","0.00","F"
"","2017-11-15","2017","1510577096","Eleven","A","841","ENGLISH","ENGLISH 1st","0","9","0","28","0","27","0.00","F"
"","2017-11-15","2017","1510577096","Eleven","A","842","ENGLISH","ENGLISH 1st","0","0","0","0","0","0","0.00","F"
"","2017-11-15","2017","1510577096","Eleven","A","843","ENGLISH","ENGLISH 1st","0","13","0","0","0","6","0.00","F"
"","2017-11-15","2017","1510577096","Eleven","A","844","ENGLISH","ENGLISH 1st","0","14","0","43","0","41","2.00","C"
"","2017-11-15","2017","1510577096","Eleven","A","845","ENGLISH","ENGLISH 1st","0","15","0","18","0","21","0.00","F"
"","2017-11-15","2017","1510577096","Eleven","A","846","ENGLISH","ENGLISH 1st","0","10","0","25","0","24","0.00","F"
"","2017-11-15","2017","1510577096","Eleven","A","847","ENGLISH","ENGLISH 1st","0","9","0","15","0","16","0.00","F"
"","2017-11-15","2017","1510577096","Eleven","A","848","ENGLISH","ENGLISH 1st","0","26","0","27","0","33","1.00","F"
"","2017-11-15","2017","1510577096","Eleven","A","849","ENGLISH","ENGLISH 1st","0","11","0","29","0","29","0.00","F"
"","2017-11-15","2017","1510577096","Eleven","A","850","ENGLISH","ENGLISH 1st","0","15","0","30","0","30","0.00","F"
"","2017-11-15","2017","1510577096","Eleven","A","851","ENGLISH","ENGLISH 1st","0","17","0","34","0","35","1.00","D"
"","2017-11-15","2017","1510577096","Eleven","A","852","ENGLISH","ENGLISH 1st","0","11","0","33","0","32","0.00","F"
"","2017-11-15","2017","1510577096","Eleven","A","853","ENGLISH","ENGLISH 1st","0","0","0","37","0","30","0.00","F"
"","2017-11-15","2017","1510577096","Eleven","A","854","ENGLISH","ENGLISH 1st","0","5","0","22","0","20","0.00","F"
"","2017-11-15","2017","1510577096","Eleven","A","855","ENGLISH","ENGLISH 1st","0","13","0","30","0","30","0.00","F"
"","2017-11-15","2017","1510577096","Eleven","A","856","ENGLISH","ENGLISH 1st","0","0","0","0","0","0","0.00","F"
"","2017-11-15","2017","1510577096","Eleven","A","858","ENGLISH","ENGLISH 1st","0","8","0","30","0","28","0.00","F"
"","2017-11-15","2017","1510577096","Eleven","A","859","ENGLISH","ENGLISH 1st","0","9","0","30","0","28","0.00","F"
"","2017-11-15","2017","1510577096","Eleven","A","860","ENGLISH","ENGLISH 1st","0","9","0","28","0","27","0.00","F"
"","2017-11-15","2017","1510577096","Eleven","A","861","ENGLISH","ENGLISH 1st","0","0","0","0","0","0","0.00","F"
"","2017-11-15","2017","1510577096","Eleven","A","862","ENGLISH","ENGLISH 1st","0","11","0","33","0","32","0.00","F"
"","2017-11-15","2017","1510577096","Eleven","A","863","ENGLISH","ENGLISH 1st","0","9","0","28","0","27","0.00","F"
"","2017-11-15","2017","1510577096","Eleven","A","864","ENGLISH","ENGLISH 1st","0","10","0","0","0","4","0.00","F"
"","2017-11-15","2017","1510577096","Eleven","A","865","ENGLISH","ENGLISH 1st","0","7","0","25","0","23","0.00","F"
"","2017-11-15","2017","1510577096","Eleven","A","866","ENGLISH","ENGLISH 1st","0","7","0","31","0","28","0.00","F"
"","2017-11-15","2017","1510577096","Eleven","A","867","ENGLISH","ENGLISH 1st","0","9","0","28","0","27","0.00","F"
"","2017-11-15","2017","1510577096","Eleven","A","868","ENGLISH","ENGLISH 1st","0","11","0","33","0","32","0.00","F"
"","2017-11-15","2017","1510577096","Eleven","A","869","ENGLISH","ENGLISH 1st","0","8","0","33","0","31","0.00","F"
"","2017-11-15","2017","1510577096","Eleven","A","870","ENGLISH","ENGLISH 1st","0","20","0","26","0","29","0.00","F"
"","2017-11-15","2017","1510577096","Eleven","A","871","ENGLISH","ENGLISH 1st","0","28","0","40","0","44","2.00","C"
"","2017-11-15","2017","1510577096","Eleven","A","872","ENGLISH","ENGLISH 1st","0","30","0","42","0","46","2.00","C"
"","2017-11-15","2017","1510577096","Eleven","A","873","ENGLISH","ENGLISH 1st","0","27","0","43","0","46","2.00","C"
"","2017-11-15","2017","1510577096","Eleven","A","874","ENGLISH","ENGLISH 1st","0","26","0","35","0","39","1.00","D"
"","2017-11-15","2017","1510577096","Eleven","A","875","ENGLISH","ENGLISH 1st","0","12","0","25","0","25","0.00","F"
"","2017-11-15","2017","1510577096","Eleven","A","876","ENGLISH","ENGLISH 1st","0","28","0","42","0","46","2.00","C"
"","2017-11-15","2017","1510577096","Eleven","A","877","ENGLISH","ENGLISH 1st","0","23","0","25","0","30","0.00","F"
"","2017-11-15","2017","1510577096","Eleven","A","878","ENGLISH","ENGLISH 1st","0","17","0","33","0","34","1.00","D"
"","2017-11-15","2017","1510577096","Eleven","A","879","ENGLISH","ENGLISH 1st","0","23","0","30","0","34","1.00","F"
"","2017-11-15","2017","1510577096","Eleven","A","880","ENGLISH","ENGLISH 1st","0","33","0","67","0","68","3.50","A-"
"","2017-11-15","2017","1510577096","Eleven","A","881","ENGLISH","ENGLISH 1st","0","25","0","57","0","56","3.00","B"
"","2017-11-15","2017","1510577096","Eleven","A","882","ENGLISH","ENGLISH 1st","0","29","0","56","0","57","3.00","B"
"","2017-11-15","2017","1510577096","Eleven","A","883","ENGLISH","ENGLISH 1st","0","23","0","27","0","32","0.00","F"
"","2017-11-15","2017","1510577096","Eleven","A","884","ENGLISH","ENGLISH 1st","0","16","0","37","0","37","1.00","D"
"","2017-11-15","2017","1510577096","Eleven","A","885","ENGLISH","ENGLISH 1st","0","21","0","22","0","27","0.00","F"
"","2017-11-15","2017","1510577096","Eleven","A","886","ENGLISH","ENGLISH 1st","0","31","0","30","0","37","1.00","F"
"","2017-11-15","2017","1510577096","Eleven","A","887","ENGLISH","ENGLISH 1st","0","20","0","33","0","35","1.00","D"
"","2017-11-15","2017","1510577096","Eleven","A","888","ENGLISH","ENGLISH 1st","0","22","0","55","0","53","3.00","B"
"","2017-11-15","2017","1510577096","Eleven","A","889","ENGLISH","ENGLISH 1st","0","20","0","56","0","53","3.00","B"
"","2017-11-15","2017","1510577096","Eleven","A","890","ENGLISH","ENGLISH 1st","0","22","0","48","0","48","2.00","C"
"","2017-11-15","2017","1510577096","Eleven","A","891","ENGLISH","ENGLISH 1st","0","15","0","40","0","38","1.00","D"
"","2017-11-15","2017","1510577096","Eleven","A","892","ENGLISH","ENGLISH 1st","0","22","0","33","0","36","1.00","D"
"","2017-11-15","2017","1510577096","Eleven","A","893","ENGLISH","ENGLISH 1st","0","15","0","52","0","48","2.00","C"
"","2017-11-15","2017","1510577096","Eleven","A","894","ENGLISH","ENGLISH 1st","0","18","0","44","0","44","2.00","C"
"","2017-11-15","2017","1510577096","Eleven","A","895","ENGLISH","ENGLISH 1st","0","15","0","33","0","33","1.00","D"
"","2017-11-15","2017","1510577096","Eleven","A","896","ENGLISH","ENGLISH 1st","0","18","0","26","0","29","0.00","F"
"","2017-11-15","2017","1510577096","Eleven","A","897","ENGLISH","ENGLISH 1st","0","22","0","30","0","33","1.00","F"
"","2017-11-15","2017","1510577096","Eleven","A","898","ENGLISH","ENGLISH 1st","0","20","0","28","0","31","0.00","F"
"","2017-11-15","2017","1510577096","Eleven","A","899","ENGLISH","ENGLISH 1st","0","0","0","0","0","0","0.00","F"
"","2017-11-15","2017","1510577096","Eleven","A","900","ENGLISH","ENGLISH 1st","0","26","0","53","0","54","3.00","B"
"","2017-11-15","2017","1510577096","Eleven","A","901","ENGLISH","ENGLISH 1st","0","30","0","57","0","58","3.00","B"
"","2017-11-15","2017","1510577096","Eleven","A","902","ENGLISH","ENGLISH 1st","0","32","0","60","0","61","3.50","A-"
"","2017-11-15","2017","1510577096","Eleven","A","903","ENGLISH","ENGLISH 1st","0","32","0","45","0","49","2.00","C"
"","2017-11-15","2017","1510577096","Eleven","A","904","ENGLISH","ENGLISH 1st","0","34","0","45","0","50","3.00","B"
"","2017-11-15","2017","1510577096","Eleven","A","905","ENGLISH","ENGLISH 1st","0","18","0","35","0","36","1.00","D"
"","2017-11-15","2017","1510577096","Eleven","A","906","ENGLISH","ENGLISH 1st","0","25","0","49","0","50","3.00","B"
"","2017-11-15","2017","1510577096","Eleven","A","907","ENGLISH","ENGLISH 1st","0","15","0","41","0","39","1.00","D"
"","2017-11-15","2017","1510577096","Eleven","A","908","ENGLISH","ENGLISH 1st","0","15","0","21","0","23","0.00","F"
"","2017-11-15","2017","1510577096","Eleven","A","909","ENGLISH","ENGLISH 1st","0","26","0","30","0","35","1.00","F"
"","2017-11-15","2017","1510577096","Eleven","A","910","ENGLISH","ENGLISH 1st","0","24","0","35","0","38","1.00","D"
"","2017-11-15","2017","1510577096","Eleven","A","911","ENGLISH","ENGLISH 1st","0","24","0","30","0","34","1.00","F"
"","2017-11-15","2017","1510577096","Eleven","A","912","ENGLISH","ENGLISH 1st","0","24","0","38","0","41","2.00","C"
"","2017-11-15","2017","1510577096","Eleven","A","913","ENGLISH","ENGLISH 1st","0","0","0","0","0","0","0.00","F"
"","2017-11-15","2017","1510577096","Eleven","A","915","ENGLISH","ENGLISH 1st","0","6","0","24","0","23","0.00","F"
"","2017-11-15","2017","1510577096","Eleven","A","916","ENGLISH","ENGLISH 1st","0","18","0","30","0","32","0.00","F"
"","2017-11-15","2017","1510577096","Eleven","A","917","ENGLISH","ENGLISH 1st","0","12","0","33","0","32","0.00","F"
"","2017-11-15","2017","1510577096","Eleven","A","918","ENGLISH","ENGLISH 1st","0","0","0","0","0","0","0.00","F"
"","2017-11-15","2017","1510577096","Eleven","A","919","ENGLISH","ENGLISH 1st","0","18","0","43","0","43","2.00","C"
"","2017-11-15","2017","1510577096","Eleven","A","920","ENGLISH","ENGLISH 1st","0","20","0","45","0","44","2.00","C"
"","2017-11-15","2017","1510577096","Eleven","A","921","ENGLISH","ENGLISH 1st","0","17","0","34","0","35","1.00","D"
"","2017-11-15","2017","1510577096","Eleven","A","922","ENGLISH","ENGLISH 1st","0","15","0","33","0","33","1.00","D"
"","2017-11-15","2017","1510577096","Eleven","A","923","ENGLISH","ENGLISH 1st","0","22","0","48","0","48","2.00","C"
"","2017-11-15","2017","1510577096","Eleven","A","924","ENGLISH","ENGLISH 1st","0","20","0","29","0","32","0.00","F"
"","2017-11-15","2017","1510577096","Eleven","A","925","ENGLISH","ENGLISH 1st","0","0","0","45","0","36","1.00","D"
"","2017-11-15","2017","1510577096","Eleven","A","926","ENGLISH","ENGLISH 1st","0","23","0","50","0","50","3.00","B"
"","2017-11-15","2017","1510577096","Eleven","A","927","ENGLISH","ENGLISH 1st","0","23","0","45","0","46","2.00","C"
"","2017-11-15","2017","1510577096","Eleven","A","928","ENGLISH","ENGLISH 1st","0","24","0","37","0","40","2.00","C"
"","2017-11-15","2017","1510577096","Eleven","A","929","ENGLISH","ENGLISH 1st","0","24","0","33","0","37","1.00","D"
"","2017-11-15","2017","1510577096","Eleven","A","930","ENGLISH","ENGLISH 1st","0","12","0","30","0","29","0.00","F"
"","2017-11-15","2017","1510577096","Eleven","A","931","ENGLISH","ENGLISH 1st","0","10","0","25","0","24","0.00","F"
"","2017-11-15","2017","1510577096","Eleven","A","932","ENGLISH","ENGLISH 1st","0","12","0","40","0","37","1.00","D"
"","2017-11-15","2017","1510577096","Eleven","A","933","ENGLISH","ENGLISH 1st","0","17","0","30","0","31","0.00","F"
"","2017-11-15","2017","1510577096","Eleven","A","934","ENGLISH","ENGLISH 1st","0","11","0","12","0","15","0.00","F"
"","2017-11-15","2017","1510577096","Eleven","A","935","ENGLISH","ENGLISH 1st","0","6","0","22","0","21","0.00","F"
"","2017-11-15","2017","1510577096","Eleven","A","936","ENGLISH","ENGLISH 1st","0","24","0","20","0","26","0.00","F"
"","2017-11-15","2017","1510577096","Eleven","A","937","ENGLISH","ENGLISH 1st","0","28","0","35","0","40","2.00","C"
"","2017-11-15","2017","1510577096","Eleven","A","938","ENGLISH","ENGLISH 1st","0","26","0","43","0","46","2.00","C"
"","2017-11-15","2017","1510577096","Eleven","A","939","ENGLISH","ENGLISH 1st","0","29","0","41","0","45","2.00","C"
"","2017-11-15","2017","1510577096","Eleven","A","940","ENGLISH","ENGLISH 1st","0","21","0","41","0","42","2.00","C"
"","2017-11-15","2017","1510577096","Eleven","A","941","ENGLISH","ENGLISH 1st","0","19","0","36","0","37","1.00","D"
"","2017-11-15","2017","1510577096","Eleven","A","942","ENGLISH","ENGLISH 1st","0","25","0","33","0","37","1.00","D"
"","2017-11-15","2017","1510577096","Eleven","A","943","ENGLISH","ENGLISH 1st","0","20","0","0","0","8","0.00","F"
"","2017-11-15","2017","1510577096","Eleven","A","944","ENGLISH","ENGLISH 1st","0","19","0","25","0","28","0.00","F"
"","2017-11-15","2017","1510577096","Eleven","A","945","ENGLISH","ENGLISH 1st","0","20","0","39","0","40","2.00","C"